

Microchip MPLAB XC8 Assembler V3.10 build 20250813170317 
                                                                                               Tue Nov 25 21:37:17 2025

Microchip MPLAB XC8 C Compiler v3.10 (Free license) build 20250813170317 Og1 
     1                           	processor	16F877A
     2                           	pagewidth 120
     3                           	opt	flic
     4                           	psect	strings,global,class=STRING,space=0,delta=2,noexec
     5                           	psect	cinit,global,class=CODE,space=0,merge=1,delta=2
     6                           	psect	bssBANK1,global,class=BANK1,space=1,delta=1,noexec
     7                           	psect	clrtext,global,class=CODE,space=0,delta=2
     8                           	psect	cstackCOMMON,global,class=COMMON,space=1,delta=1,noexec
     9                           	psect	cstackBANK0,global,class=BANK0,space=1,delta=1,noexec
    10                           	psect	maintext,global,class=CODE,space=0,split=1,delta=2
    11                           	psect	text1,local,class=CODE,space=0,merge=1,delta=2,group=3
    12                           	psect	text2,local,class=CODE,space=0,merge=1,delta=2,group=1
    13                           	psect	text3,local,class=CODE,space=0,merge=1,delta=2,group=1
    14                           	psect	text4,local,class=CODE,space=0,merge=1,delta=2,group=1
    15                           	psect	text5,local,class=CODE,space=0,merge=1,delta=2,group=1
    16                           	psect	text6,local,class=CODE,space=0,merge=1,delta=2,group=3
    17                           	psect	text7,local,class=CODE,space=0,merge=1,delta=2,group=3
    18                           	psect	text8,local,class=CODE,space=0,merge=1,delta=2,group=3
    19                           	psect	text9,local,class=CODE,space=0,merge=1,delta=2,group=2
    20                           	psect	text10,local,class=CODE,space=0,merge=1,delta=2,group=2
    21                           	psect	text11,local,class=CODE,space=0,merge=1,delta=2,group=1
    22                           	psect	text12,local,class=CODE,space=0,merge=1,delta=2,group=2
    23                           	psect	text13,local,class=CODE,space=0,merge=1,delta=2
    24                           	psect	text14,local,class=CODE,space=0,merge=1,delta=2
    25                           	psect	text15,local,class=CODE,space=0,merge=1,delta=2
    26                           	psect	text16,local,class=CODE,space=0,merge=1,delta=2
    27                           	psect	text17,local,class=CODE,space=0,merge=1,delta=2
    28                           	psect	text18,local,class=CODE,space=0,merge=1,delta=2
    29                           	psect	text19,local,class=CODE,space=0,merge=1,delta=2
    30                           	psect	text20,local,class=CODE,space=0,merge=1,delta=2
    31                           	psect	text21,local,class=CODE,space=0,merge=1,delta=2,group=2
    32                           	psect	text22,local,class=CODE,space=0,merge=1,delta=2,group=2
    33                           	psect	config,global,abs,ovrld,class=CONFIG,space=4,delta=2,noexec
    34                           	dabs	1,0x7E,2
    35     0000                     
    36                           ; Generated 12/10/2023 GMT
    37                           ; 
    38                           ; Copyright © 2023, Microchip Technology Inc. and its subsidiaries ("Microchip")
    39                           ; All rights reserved.
    40                           ; 
    41                           ; This software is developed by Microchip Technology Inc. and its subsidiaries ("Microch
      +                          ip").
    42                           ; 
    43                           ; Redistribution and use in source and binary forms, with or without modification, are
    44                           ; permitted provided that the following conditions are met:
    45                           ; 
    46                           ;     1. Redistributions of source code must retain the above copyright notice, this lis
      +                          t of
    47                           ;        conditions and the following disclaimer.
    48                           ; 
    49                           ;     2. Redistributions in binary form must reproduce the above copyright notice, this 
      +                          list
    50                           ;        of conditions and the following disclaimer in the documentation and/or other
    51                           ;        materials provided with the distribution. Publication is not required when
    52                           ;        this file is used in an embedded application.
    53                           ; 
    54                           ;     3. Microchip's name may not be used to endorse or promote products derived from th
      +                          is
    55                           ;        software without specific prior written permission.
    56                           ; 
    57                           ; THIS SOFTWARE IS PROVIDED BY MICROCHIP "AS IS" AND ANY EXPRESS OR IMPLIED WARRANTIES,
    58                           ; INCLUDING, BUT NOT LIMITED TO, THE IMPLIED WARRANTIES OF MERCHANTABILITY AND FITNESS F
      +                          OR
    59                           ; PURPOSE ARE DISCLAIMED.  IN NO EVENT SHALL MICROCHIP BE LIABLE FOR ANY DIRECT, INDIREC
      +                          T,
    60                           ; INCIDENTAL, SPECIAL, EXEMPLARY, OR CONSEQUENTIAL DAMAGES (INCLUDING BUT NOT LIMITED TO
    61                           ; PROCUREMENT OF SUBSTITUTE GOODS OR SERVICES; LOSS OF USE, DATA OR PROFITS; OR BUSINESS
    62                           ; INTERRUPTION) HOWSOEVER CAUSED AND ON ANY THEORY OF LIABILITY, WHETHER IN CONTRACT, ST
      +                          RICT
    63                           ; LIABILITY, OR TORT (INCLUDING NEGLIGENCE OR OTHERWISE) ARISING IN ANY WAY OUT OF THE U
      +                          SE OF
    64                           ; THIS SOFTWARE, EVEN IF ADVISED OF THE POSSIBILITY OF SUCH DAMAGE.
    65                           ; 
    66                           ; 
    67                           ; Code-generator required, PIC16F877A Definitions
    68                           ; 
    69                           ; SFR Addresses
    70     0004                     fsr             equ	4
    71     0004                     fsr0            equ	4
    72     0000                     indf            equ	0
    73     0000                     indf0           equ	0
    74     0002                     pc              equ	2
    75     0002                     pcl             equ	2
    76     000A                     pclath          equ	10
    77     0003                     status          equ	3
    78     0000                     INDF            equ	0	;# 
    79     0001                     TMR0            equ	1	;# 
    80     0002                     PCL             equ	2	;# 
    81     0003                     STATUS          equ	3	;# 
    82     0004                     FSR             equ	4	;# 
    83     0005                     PORTA           equ	5	;# 
    84     0006                     PORTB           equ	6	;# 
    85     0007                     PORTC           equ	7	;# 
    86     0008                     PORTD           equ	8	;# 
    87     0009                     PORTE           equ	9	;# 
    88     000A                     PCLATH          equ	10	;# 
    89     000B                     INTCON          equ	11	;# 
    90     000C                     PIR1            equ	12	;# 
    91     000D                     PIR2            equ	13	;# 
    92     000E                     TMR1            equ	14	;# 
    93     000E                     TMR1L           equ	14	;# 
    94     000F                     TMR1H           equ	15	;# 
    95     0010                     T1CON           equ	16	;# 
    96     0011                     TMR2            equ	17	;# 
    97     0012                     T2CON           equ	18	;# 
    98     0013                     SSPBUF          equ	19	;# 
    99     0014                     SSPCON          equ	20	;# 
   100     0015                     CCPR1           equ	21	;# 
   101     0015                     CCPR1L          equ	21	;# 
   102     0016                     CCPR1H          equ	22	;# 
   103     0017                     CCP1CON         equ	23	;# 
   104     0018                     RCSTA           equ	24	;# 
   105     0019                     TXREG           equ	25	;# 
   106     001A                     RCREG           equ	26	;# 
   107     001B                     CCPR2           equ	27	;# 
   108     001B                     CCPR2L          equ	27	;# 
   109     001C                     CCPR2H          equ	28	;# 
   110     001D                     CCP2CON         equ	29	;# 
   111     001E                     ADRESH          equ	30	;# 
   112     001F                     ADCON0          equ	31	;# 
   113     0081                     OPTION_REG      equ	129	;# 
   114     0085                     TRISA           equ	133	;# 
   115     0086                     TRISB           equ	134	;# 
   116     0087                     TRISC           equ	135	;# 
   117     0088                     TRISD           equ	136	;# 
   118     0089                     TRISE           equ	137	;# 
   119     008C                     PIE1            equ	140	;# 
   120     008D                     PIE2            equ	141	;# 
   121     008E                     PCON            equ	142	;# 
   122     0091                     SSPCON2         equ	145	;# 
   123     0092                     PR2             equ	146	;# 
   124     0093                     SSPADD          equ	147	;# 
   125     0094                     SSPSTAT         equ	148	;# 
   126     0098                     TXSTA           equ	152	;# 
   127     0099                     SPBRG           equ	153	;# 
   128     009C                     CMCON           equ	156	;# 
   129     009D                     CVRCON          equ	157	;# 
   130     009E                     ADRESL          equ	158	;# 
   131     009F                     ADCON1          equ	159	;# 
   132     010C                     EEDATA          equ	268	;# 
   133     010D                     EEADR           equ	269	;# 
   134     010E                     EEDATH          equ	270	;# 
   135     010F                     EEADRH          equ	271	;# 
   136     018C                     EECON1          equ	396	;# 
   137     018D                     EECON2          equ	397	;# 
   138     0000                     INDF            equ	0	;# 
   139     0001                     TMR0            equ	1	;# 
   140     0002                     PCL             equ	2	;# 
   141     0003                     STATUS          equ	3	;# 
   142     0004                     FSR             equ	4	;# 
   143     0005                     PORTA           equ	5	;# 
   144     0006                     PORTB           equ	6	;# 
   145     0007                     PORTC           equ	7	;# 
   146     0008                     PORTD           equ	8	;# 
   147     0009                     PORTE           equ	9	;# 
   148     000A                     PCLATH          equ	10	;# 
   149     000B                     INTCON          equ	11	;# 
   150     000C                     PIR1            equ	12	;# 
   151     000D                     PIR2            equ	13	;# 
   152     000E                     TMR1            equ	14	;# 
   153     000E                     TMR1L           equ	14	;# 
   154     000F                     TMR1H           equ	15	;# 
   155     0010                     T1CON           equ	16	;# 
   156     0011                     TMR2            equ	17	;# 
   157     0012                     T2CON           equ	18	;# 
   158     0013                     SSPBUF          equ	19	;# 
   159     0014                     SSPCON          equ	20	;# 
   160     0015                     CCPR1           equ	21	;# 
   161     0015                     CCPR1L          equ	21	;# 
   162     0016                     CCPR1H          equ	22	;# 
   163     0017                     CCP1CON         equ	23	;# 
   164     0018                     RCSTA           equ	24	;# 
   165     0019                     TXREG           equ	25	;# 
   166     001A                     RCREG           equ	26	;# 
   167     001B                     CCPR2           equ	27	;# 
   168     001B                     CCPR2L          equ	27	;# 
   169     001C                     CCPR2H          equ	28	;# 
   170     001D                     CCP2CON         equ	29	;# 
   171     001E                     ADRESH          equ	30	;# 
   172     001F                     ADCON0          equ	31	;# 
   173     0081                     OPTION_REG      equ	129	;# 
   174     0085                     TRISA           equ	133	;# 
   175     0086                     TRISB           equ	134	;# 
   176     0087                     TRISC           equ	135	;# 
   177     0088                     TRISD           equ	136	;# 
   178     0089                     TRISE           equ	137	;# 
   179     008C                     PIE1            equ	140	;# 
   180     008D                     PIE2            equ	141	;# 
   181     008E                     PCON            equ	142	;# 
   182     0091                     SSPCON2         equ	145	;# 
   183     0092                     PR2             equ	146	;# 
   184     0093                     SSPADD          equ	147	;# 
   185     0094                     SSPSTAT         equ	148	;# 
   186     0098                     TXSTA           equ	152	;# 
   187     0099                     SPBRG           equ	153	;# 
   188     009C                     CMCON           equ	156	;# 
   189     009D                     CVRCON          equ	157	;# 
   190     009E                     ADRESL          equ	158	;# 
   191     009F                     ADCON1          equ	159	;# 
   192     010C                     EEDATA          equ	268	;# 
   193     010D                     EEADR           equ	269	;# 
   194     010E                     EEDATH          equ	270	;# 
   195     010F                     EEADRH          equ	271	;# 
   196     018C                     EECON1          equ	396	;# 
   197     018D                     EECON2          equ	397	;# 
   198     0008                     _PORTD          set	8
   199     001E                     _ADRESH         set	30
   200     001F                     _ADCON0         set	31
   201     0037                     _RB7            set	55
   202     0036                     _RB6            set	54
   203     00FA                     _GO_nDONE       set	250
   204     0088                     _TRISD          set	136
   205     009E                     _ADRESL         set	158
   206     009F                     _ADCON1         set	159
   207     0085                     _TRISA          set	133
   208     0437                     _TRISB7         set	1079
   209     0436                     _TRISB6         set	1078
   210                           
   211                           	psect	strings
   212     0003                     __pstrings:
   213     0003                     stringtab:
   214     0003                     __stringtab:
   215     0003                     stringcode:	
   216                           ;	String table - string pointers are 1 byte each
   217                           
   218     0003                     stringdir:
   219     0003  3000               	movlw	high stringdir
   220     0004  008A               	movwf	10
   221     0005  0804               	movf	4,w
   222     0006  0A84               	incf	4,f
   223     0007  0782               	addwf	2,f
   224     0008                     __stringbase:
   225     0008  3400               	retlw	0
   226     0009                     __end_of__stringtab:
   227     0009                     STR_2:
   228     0009  346D               	retlw	109	;'m'
   229     000A  3456               	retlw	86	;'V'
   230     000B  343A               	retlw	58	;':'
   231     000C  3420               	retlw	32	;' '
   232     000D  3420               	retlw	32	;' '
   233     000E  3425               	retlw	37	;'%'
   234     000F  3434               	retlw	52	;'4'
   235     0010  3475               	retlw	117	;'u'
   236     0011  3400               	retlw	0
   237     0012                     STR_1:
   238     0012  3452               	retlw	82	;'R'
   239     0013  3441               	retlw	65	;'A'
   240     0014  3457               	retlw	87	;'W'
   241     0015  343A               	retlw	58	;':'
   242     0016  3420               	retlw	32	;' '
   243     0017  3425               	retlw	37	;'%'
   244     0018  3434               	retlw	52	;'4'
   245     0019  3475               	retlw	117	;'u'
   246     001A  3400               	retlw	0
   247                           
   248                           	psect	cinit
   249     07F3                     start_initialization:	
   250                           ; #config settings
   251                           
   252     07F3                     __initialization:
   253                           
   254                           ; Clear objects allocated to BANK1
   255     07F3  1383               	bcf	3,7	;select IRP bank0
   256     07F4  30A0               	movlw	low __pbssBANK1
   257     07F5  0084               	movwf	4
   258     07F6  30C5               	movlw	low (__pbssBANK1+37)
   259     07F7  120A  118A  22A4  120A  118A  	fcall	clear_ram0
   260     07FC                     end_of_initialization:	
   261                           ;End of C runtime variable initialization code
   262                           
   263     07FC                     __end_of__initialization:
   264     07FC  0183               	clrf	3
   265     07FD  120A  118A  2E26   	ljmp	_main	;jump to C main() function
   266                           
   267                           	psect	bssBANK1
   268     00A0                     __pbssBANK1:
   269     00A0                     _width:
   270     00A0                     	ds	2
   271     00A2                     _prec:
   272     00A2                     	ds	2
   273     00A4                     _flags:
   274     00A4                     	ds	1
   275     00A5                     _dbuf:
   276     00A5                     	ds	32
   277                           
   278                           	psect	clrtext
   279     02A4                     clear_ram0:	
   280                           ;	Called with FSR containing the base address, and
   281                           ;	W with the last address+1
   282                           
   283     02A4  0064               	clrwdt	;clear the watchdog before getting into this loop
   284     02A5                     clrloop0:
   285     02A5  0180               	clrf	0	;clear RAM location pointed to by FSR
   286     02A6  0A84               	incf	4,f	;increment pointer
   287     02A7  0604               	xorwf	4,w	;XOR with final address
   288     02A8  1903               	btfsc	3,2	;have we reached the end yet?
   289     02A9  3400               	retlw	0	;all done for this memory range, return
   290     02AA  0604               	xorwf	4,w	;XOR again to restore value
   291     02AB  2AA5               	goto	clrloop0	;do the next byte
   292                           
   293                           	psect	cstackCOMMON
   294     0070                     __pcstackCOMMON:
   295     0070                     ?_putch:
   296     0070                     ?_adc_init:	
   297                           ; 1 bytes @ 0x0
   298                           
   299     0070                     ?_lcd_cmd:	
   300                           ; 1 bytes @ 0x0
   301                           
   302     0070                     ?_lcd_write:	
   303                           ; 1 bytes @ 0x0
   304                           
   305     0070                     ?_lcd_init:	
   306                           ; 1 bytes @ 0x0
   307                           
   308     0070                     ?_lcd_clear:	
   309                           ; 1 bytes @ 0x0
   310                           
   311     0070                     ?_main:	
   312                           ; 1 bytes @ 0x0
   313                           
   314     0070                     ?_fputc:	
   315                           ; 1 bytes @ 0x0
   316                           
   317     0070                     ?_adc_read_an0:	
   318                           ; 2 bytes @ 0x0
   319                           
   320     0070                     ?___wmul:	
   321                           ; 2 bytes @ 0x0
   322                           
   323     0070                     ?___lwdiv:	
   324                           ; 2 bytes @ 0x0
   325                           
   326     0070                     ?___lwmod:	
   327                           ; 2 bytes @ 0x0
   328                           
   329     0070                     ?___lmul:	
   330                           ; 2 bytes @ 0x0
   331                           
   332     0070                     putch@c:	
   333                           ; 4 bytes @ 0x0
   334                           
   335     0070                     ___wmul@multiplier:	
   336                           ; 1 bytes @ 0x0
   337                           
   338     0070                     ___lwdiv@divisor:	
   339                           ; 2 bytes @ 0x0
   340                           
   341     0070                     ___lwmod@divisor:	
   342                           ; 2 bytes @ 0x0
   343                           
   344     0070                     fputc@c:	
   345                           ; 2 bytes @ 0x0
   346                           
   347     0070                     ___lmul@multiplier:	
   348                           ; 2 bytes @ 0x0
   349                           
   350     0070                     ??_putch:	
   351                           ; 4 bytes @ 0x0
   352                           
   353     0070                     ??_adc_init:	
   354                           ; 1 bytes @ 0x0
   355                           
   356     0070                     ??_lcd_cmd:	
   357                           ; 1 bytes @ 0x0
   358                           
   359     0070                     ??_lcd_write:	
   360                           ; 1 bytes @ 0x0
   361                           
   362                           
   363                           ; 1 bytes @ 0x0
   364     0070                     	ds	2
   365     0072                     lcd_cmd@cmd:
   366     0072                     lcd_write@data:	
   367                           ; 1 bytes @ 0x2
   368                           
   369     0072                     ___wmul@multiplicand:	
   370                           ; 1 bytes @ 0x2
   371                           
   372     0072                     ___lwdiv@dividend:	
   373                           ; 2 bytes @ 0x2
   374                           
   375     0072                     ___lwmod@dividend:	
   376                           ; 2 bytes @ 0x2
   377                           
   378     0072                     fputc@fp:	
   379                           ; 2 bytes @ 0x2
   380                           
   381     0072                     ??_adc_read_an0:	
   382                           ; 2 bytes @ 0x2
   383                           
   384                           
   385                           ; 1 bytes @ 0x2
   386     0072                     	ds	1
   387     0073                     ?_lcd_set_cursor:
   388     0073                     ?_lcd_string:	
   389                           ; 1 bytes @ 0x3
   390                           
   391     0073                     lcd_set_cursor@col:	
   392                           ; 1 bytes @ 0x3
   393                           
   394     0073                     lcd_string@str:	
   395                           ; 1 bytes @ 0x3
   396                           
   397     0073                     ??_lcd_init:	
   398                           ; 1 bytes @ 0x3
   399                           
   400     0073                     ??_lcd_clear:	
   401                           ; 1 bytes @ 0x3
   402                           
   403                           
   404                           ; 1 bytes @ 0x3
   405     0073                     	ds	1
   406     0074                     lcd_set_cursor@row:
   407     0074                     ___lwmod@counter:	
   408                           ; 1 bytes @ 0x4
   409                           
   410     0074                     ___wmul@product:	
   411                           ; 1 bytes @ 0x4
   412                           
   413     0074                     ___lwdiv@quotient:	
   414                           ; 2 bytes @ 0x4
   415                           
   416     0074                     ___lmul@multiplicand:	
   417                           ; 2 bytes @ 0x4
   418                           
   419     0074                     ??_fputc:	
   420                           ; 4 bytes @ 0x4
   421                           
   422     0074                     ??_lcd_set_cursor:	
   423                           ; 1 bytes @ 0x4
   424                           
   425     0074                     ??_lcd_string:	
   426                           ; 1 bytes @ 0x4
   427                           
   428     0074                     ??___wmul:	
   429                           ; 1 bytes @ 0x4
   430                           
   431     0074                     ??___lwdiv:	
   432                           ; 1 bytes @ 0x4
   433                           
   434     0074                     ??___lwmod:	
   435                           ; 1 bytes @ 0x4
   436                           
   437                           
   438                           ; 1 bytes @ 0x4
   439     0074                     	ds	2
   440     0076                     ?_read_prec_or_width:
   441     0076                     ___lwdiv@counter:	
   442                           ; 2 bytes @ 0x6
   443                           
   444     0076                     read_prec_or_width@fmt:	
   445                           ; 1 bytes @ 0x6
   446                           
   447                           
   448                           ; 1 bytes @ 0x6
   449     0076                     	ds	1
   450     0077                     read_prec_or_width@ap:
   451                           
   452                           ; 1 bytes @ 0x7
   453     0077                     	ds	1
   454     0078                     ??___lmul:
   455     0078                     ??_read_prec_or_width:	
   456                           ; 1 bytes @ 0x8
   457                           
   458                           
   459                           ; 1 bytes @ 0x8
   460     0078                     	ds	1
   461     0079                     read_prec_or_width@c:
   462     0079                     ___lmul@product:	
   463                           ; 1 bytes @ 0x9
   464                           
   465                           
   466                           ; 4 bytes @ 0x9
   467     0079                     	ds	1
   468     007A                     read_prec_or_width@n:
   469                           
   470                           ; 2 bytes @ 0xA
   471     007A                     	ds	3
   472     007D                     ??___lldiv:
   473     007D                     ??_pad:	
   474                           ; 1 bytes @ 0xD
   475                           
   476                           
   477                           ; 1 bytes @ 0xD
   478     007D                     	ds	1
   479     007E                     ??_vfprintf:
   480     007E                     ??_utoa:	
   481                           ; 1 bytes @ 0xE
   482                           
   483                           
   484                           	psect	cstackBANK0
   485     0020                     __pcstackBANK0:	
   486                           ; 1 bytes @ 0xE
   487                           
   488     0020                     ?_fputs:
   489     0020                     ?___lldiv:	
   490                           ; 2 bytes @ 0x0
   491                           
   492     0020                     fputs@s:	
   493                           ; 4 bytes @ 0x0
   494                           
   495     0020                     ___lldiv@divisor:	
   496                           ; 1 bytes @ 0x0
   497                           
   498                           
   499                           ; 4 bytes @ 0x0
   500     0020                     	ds	1
   501     0021                     fputs@fp:
   502                           
   503                           ; 2 bytes @ 0x1
   504     0021                     	ds	2
   505     0023                     ??_fputs:
   506                           
   507                           ; 1 bytes @ 0x3
   508     0023                     	ds	1
   509     0024                     ___lldiv@dividend:
   510                           
   511                           ; 4 bytes @ 0x4
   512     0024                     	ds	1
   513     0025                     fputs@c:
   514                           
   515                           ; 1 bytes @ 0x5
   516     0025                     	ds	1
   517     0026                     fputs@i:
   518                           
   519                           ; 2 bytes @ 0x6
   520     0026                     	ds	2
   521     0028                     ?_pad:
   522     0028                     pad@fp:	
   523                           ; 1 bytes @ 0x8
   524                           
   525     0028                     ___lldiv@quotient:	
   526                           ; 2 bytes @ 0x8
   527                           
   528                           
   529                           ; 4 bytes @ 0x8
   530     0028                     	ds	2
   531     002A                     pad@buf:
   532                           
   533                           ; 1 bytes @ 0xA
   534     002A                     	ds	1
   535     002B                     pad@p:
   536                           
   537                           ; 2 bytes @ 0xB
   538     002B                     	ds	1
   539     002C                     ___lldiv@counter:
   540                           
   541                           ; 1 bytes @ 0xC
   542     002C                     	ds	1
   543     002D                     pad@i:
   544                           
   545                           ; 2 bytes @ 0xD
   546     002D                     	ds	2
   547     002F                     ?_utoa:
   548     002F                     utoa@fp:	
   549                           ; 1 bytes @ 0xF
   550                           
   551                           
   552                           ; 2 bytes @ 0xF
   553     002F                     	ds	2
   554     0031                     utoa@d:
   555                           
   556                           ; 2 bytes @ 0x11
   557     0031                     	ds	2
   558     0033                     utoa@w:
   559                           
   560                           ; 2 bytes @ 0x13
   561     0033                     	ds	2
   562     0035                     utoa@p:
   563                           
   564                           ; 1 bytes @ 0x15
   565     0035                     	ds	1
   566     0036                     utoa@i:
   567                           
   568                           ; 2 bytes @ 0x16
   569     0036                     	ds	2
   570     0038                     ?_vfpfcnvrt:
   571     0038                     vfpfcnvrt@fp:	
   572                           ; 1 bytes @ 0x18
   573                           
   574                           
   575                           ; 2 bytes @ 0x18
   576     0038                     	ds	2
   577     003A                     vfpfcnvrt@fmt:
   578                           
   579                           ; 1 bytes @ 0x1A
   580     003A                     	ds	1
   581     003B                     vfpfcnvrt@ap:
   582                           
   583                           ; 1 bytes @ 0x1B
   584     003B                     	ds	1
   585     003C                     ??_vfpfcnvrt:
   586                           
   587                           ; 1 bytes @ 0x1C
   588     003C                     	ds	2
   589     003E                     vfpfcnvrt@convarg:
   590                           
   591                           ; 4 bytes @ 0x1E
   592     003E                     	ds	4
   593     0042                     vfpfcnvrt@cp:
   594                           
   595                           ; 1 bytes @ 0x22
   596     0042                     	ds	1
   597     0043                     ?_vfprintf:
   598     0043                     vfprintf@fp:	
   599                           ; 2 bytes @ 0x23
   600                           
   601                           
   602                           ; 2 bytes @ 0x23
   603     0043                     	ds	2
   604     0045                     vfprintf@fmt:
   605                           
   606                           ; 1 bytes @ 0x25
   607     0045                     	ds	1
   608     0046                     vfprintf@ap:
   609                           
   610                           ; 1 bytes @ 0x26
   611     0046                     	ds	1
   612     0047                     vfprintf@cfmt:
   613                           
   614                           ; 1 bytes @ 0x27
   615     0047                     	ds	1
   616     0048                     ?_sprintf:
   617     0048                     sprintf@s:	
   618                           ; 2 bytes @ 0x28
   619                           
   620                           
   621                           ; 1 bytes @ 0x28
   622     0048                     	ds	1
   623     0049                     sprintf@fmt:
   624                           
   625                           ; 1 bytes @ 0x29
   626     0049                     	ds	3
   627     004C                     ??_sprintf:
   628                           
   629                           ; 1 bytes @ 0x2C
   630     004C                     	ds	1
   631     004D                     sprintf@ap:
   632                           
   633                           ; 1 bytes @ 0x2D
   634     004D                     	ds	1
   635     004E                     sprintf@f:
   636                           
   637                           ; 11 bytes @ 0x2E
   638     004E                     	ds	11
   639     0059                     ??_main:
   640                           
   641                           ; 1 bytes @ 0x39
   642     0059                     	ds	3
   643     005C                     main@buffer:
   644                           
   645                           ; 16 bytes @ 0x3C
   646     005C                     	ds	16
   647     006C                     main@mv:
   648                           
   649                           ; 2 bytes @ 0x4C
   650     006C                     	ds	2
   651     006E                     main@raw:
   652                           
   653                           ; 2 bytes @ 0x4E
   654     006E                     	ds	2
   655                           
   656                           	psect	maintext
   657     0626                     __pmaintext:	
   658 ;;
   659 ;;Main: autosize = 0, tempsize = 3, incstack = 0, save=0
   660 ;;
   661 ;; *************** function _main *****************
   662 ;; Defined at:
   663 ;;		line 103 in file "POTE.c"
   664 ;; Parameters:    Size  Location     Type
   665 ;;		None
   666 ;; Auto vars:     Size  Location     Type
   667 ;;  buffer         16   60[BANK0 ] unsigned char [16]
   668 ;;  raw             2   78[BANK0 ] unsigned int 
   669 ;;  mv              2   76[BANK0 ] unsigned int 
   670 ;; Return value:  Size  Location     Type
   671 ;;                  1    wreg      void 
   672 ;; Registers used:
   673 ;;		wreg, fsr0l, fsr0h, status,2, status,0, pclath, cstack
   674 ;; Tracked objects:
   675 ;;		On entry : B00/0
   676 ;;		On exit  : 0/0
   677 ;;		Unchanged: 0/0
   678 ;; Data sizes:     COMMON   BANK0   BANK1   BANK3   BANK2
   679 ;;      Params:         0       0       0       0       0
   680 ;;      Locals:         0      20       0       0       0
   681 ;;      Temps:          0       3       0       0       0
   682 ;;      Totals:         0      23       0       0       0
   683 ;;Total ram usage:       23 bytes
   684 ;; Hardware stack levels required when called: 7
   685 ;; This function calls:
   686 ;;		___lldiv
   687 ;;		___lmul
   688 ;;		_adc_init
   689 ;;		_adc_read_an0
   690 ;;		_lcd_clear
   691 ;;		_lcd_init
   692 ;;		_lcd_set_cursor
   693 ;;		_lcd_string
   694 ;;		_sprintf
   695 ;; This function is called by:
   696 ;;		Startup code after reset
   697 ;; This function uses a non-reentrant model
   698 ;;
   699                           
   700     0626                     _main:	
   701                           ;psect for function _main
   702                           
   703     0626                     l1330:	
   704                           ;incstack = 0
   705                           ; Regs used in _main: [wreg-fsr0h+status,2+status,0+pclath+cstack]
   706                           
   707                           
   708                           ;POTE.c: 104:     };POTE.c: 105: }
   709     0626  120A  118A  23B5  120A  118A  	fcall	_lcd_init
   710     062B  120A  118A  22AC  120A  118A  	fcall	_adc_init
   711     0630  120A  118A  229D  120A  118A  	fcall	_lcd_clear
   712     0635                     l1332:
   713     0635  120A  118A  22BB  120A  118A  	fcall	_adc_read_an0
   714     063A  0871               	movf	?_adc_read_an0+1,w
   715     063B  1283               	bcf	3,5	;RP0=0, select bank0
   716     063C  1303               	bcf	3,6	;RP1=0, select bank0
   717     063D  00EF               	movwf	main@raw+1
   718     063E  0870               	movf	?_adc_read_an0,w
   719     063F  00EE               	movwf	main@raw
   720     0640                     l1334:
   721     0640  3000               	movlw	0
   722     0641  00A3               	movwf	___lldiv@divisor+3
   723     0642  3000               	movlw	0
   724     0643  00A2               	movwf	___lldiv@divisor+2
   725     0644  3003               	movlw	3
   726     0645  00A1               	movwf	___lldiv@divisor+1
   727     0646  30FF               	movlw	255
   728     0647  00A0               	movwf	___lldiv@divisor
   729     0648  086E               	movf	main@raw,w
   730     0649  00F0               	movwf	___lmul@multiplier
   731     064A  086F               	movf	main@raw+1,w
   732     064B  00F1               	movwf	___lmul@multiplier+1
   733     064C  01F2               	clrf	___lmul@multiplier+2
   734     064D  01F3               	clrf	___lmul@multiplier+3
   735     064E  3000               	movlw	0
   736     064F  00F7               	movwf	___lmul@multiplicand+3
   737     0650  3000               	movlw	0
   738     0651  00F6               	movwf	___lmul@multiplicand+2
   739     0652  3013               	movlw	19
   740     0653  00F5               	movwf	___lmul@multiplicand+1
   741     0654  3088               	movlw	136
   742     0655  00F4               	movwf	___lmul@multiplicand
   743     0656  120A  118A  245F  120A  118A  	fcall	___lmul
   744     065B  0873               	movf	?___lmul+3,w
   745     065C  1283               	bcf	3,5	;RP0=0, select bank0
   746     065D  1303               	bcf	3,6	;RP1=0, select bank0
   747     065E  00A7               	movwf	___lldiv@dividend+3
   748     065F  0872               	movf	?___lmul+2,w
   749     0660  00A6               	movwf	___lldiv@dividend+2
   750     0661  0871               	movf	?___lmul+1,w
   751     0662  00A5               	movwf	___lldiv@dividend+1
   752     0663  0870               	movf	?___lmul,w
   753     0664  00A4               	movwf	___lldiv@dividend
   754     0665  120A  118A  254F  120A  118A  	fcall	___lldiv
   755     066A  1283               	bcf	3,5	;RP0=0, select bank0
   756     066B  1303               	bcf	3,6	;RP1=0, select bank0
   757     066C  0821               	movf	?___lldiv+1,w
   758     066D  00ED               	movwf	main@mv+1
   759     066E  0820               	movf	?___lldiv,w
   760     066F  00EC               	movwf	main@mv
   761     0670                     l1336:
   762     0670  01F3               	clrf	lcd_set_cursor@col
   763     0671  0AF3               	incf	lcd_set_cursor@col,f
   764     0672  3001               	movlw	1
   765     0673  120A  118A  2309  120A  118A  	fcall	_lcd_set_cursor
   766     0678                     l1338:
   767     0678  305C               	movlw	(low (main@buffer| 0))& (0+255)
   768     0679  1283               	bcf	3,5	;RP0=0, select bank0
   769     067A  1303               	bcf	3,6	;RP1=0, select bank0
   770     067B  00C8               	movwf	sprintf@s
   771     067C  300A               	movlw	(low ((STR_1-__stringbase)| (0+32768)))& (0+255)
   772     067D  00C9               	movwf	sprintf@fmt
   773     067E  086F               	movf	main@raw+1,w
   774     067F  00CB               	movwf	?_sprintf+3
   775     0680  086E               	movf	main@raw,w
   776     0681  00CA               	movwf	?_sprintf+2
   777     0682  120A  118A  2342  120A  118A  	fcall	_sprintf
   778     0687                     l1340:
   779     0687  305C               	movlw	(low (main@buffer| 0))& (0+255)
   780     0688  00F3               	movwf	lcd_string@str
   781     0689  120A  118A  22F5  120A  118A  	fcall	_lcd_string
   782     068E                     l1342:
   783     068E  01F3               	clrf	lcd_set_cursor@col
   784     068F  0AF3               	incf	lcd_set_cursor@col,f
   785     0690  3002               	movlw	2
   786     0691  120A  118A  2309  120A  118A  	fcall	_lcd_set_cursor
   787     0696                     l1344:
   788     0696  305C               	movlw	(low (main@buffer| 0))& (0+255)
   789     0697  1283               	bcf	3,5	;RP0=0, select bank0
   790     0698  1303               	bcf	3,6	;RP1=0, select bank0
   791     0699  00C8               	movwf	sprintf@s
   792     069A  3001               	movlw	(low ((STR_2-__stringbase)| (0+32768)))& (0+255)
   793     069B  00C9               	movwf	sprintf@fmt
   794     069C  086D               	movf	main@mv+1,w
   795     069D  00CB               	movwf	?_sprintf+3
   796     069E  086C               	movf	main@mv,w
   797     069F  00CA               	movwf	?_sprintf+2
   798     06A0  120A  118A  2342  120A  118A  	fcall	_sprintf
   799     06A5                     l1346:
   800     06A5  305C               	movlw	(low (main@buffer| 0))& (0+255)
   801     06A6  00F3               	movwf	lcd_string@str
   802     06A7  120A  118A  22F5  120A  118A  	fcall	_lcd_string
   803     06AC                     l1348:
   804     06AC  3004               	movlw	4
   805     06AD  1283               	bcf	3,5	;RP0=0, select bank0
   806     06AE  1303               	bcf	3,6	;RP1=0, select bank0
   807     06AF  00DB               	movwf	??_main+2
   808     06B0  30CF               	movlw	207
   809     06B1  00DA               	movwf	??_main+1
   810     06B2  3001               	movlw	1
   811     06B3  00D9               	movwf	??_main
   812     06B4                     u1037:
   813     06B4  0BD9               	decfsz	??_main,f
   814     06B5  2EB4               	goto	u1037
   815     06B6  0BDA               	decfsz	??_main+1,f
   816     06B7  2EB4               	goto	u1037
   817     06B8  0BDB               	decfsz	??_main+2,f
   818     06B9  2EB4               	goto	u1037
   819     06BA  2E35               	goto	l1332
   820     06BB  120A  118A  2800   	ljmp	start
   821     06BE                     __end_of_main:
   822                           
   823                           	psect	text1
   824     0342                     __ptext1:	
   825 ;; *************** function _sprintf *****************
   826 ;; Defined at:
   827 ;;		line 9 in file "C:\Program Files\Microchip\xc8\v3.10\pic\sources\c99\common\nf_sprintf.c"
   828 ;; Parameters:    Size  Location     Type
   829 ;;  s               1   40[BANK0 ] PTR unsigned char 
   830 ;;		 -> main@buffer(16), 
   831 ;;  fmt             1   41[BANK0 ] PTR const unsigned char 
   832 ;;		 -> STR_2(9), STR_1(9), 
   833 ;; Auto vars:     Size  Location     Type
   834 ;;  f              11   46[BANK0 ] struct _IO_FILE
   835 ;;  ret             2    0        int 
   836 ;;  ap              1   45[BANK0 ] PTR void [1]
   837 ;;		 -> ?_sprintf(2), 
   838 ;; Return value:  Size  Location     Type
   839 ;;                  2   40[BANK0 ] int 
   840 ;; Registers used:
   841 ;;		wreg, fsr0l, fsr0h, status,2, status,0, pclath, cstack
   842 ;; Tracked objects:
   843 ;;		On entry : 0/0
   844 ;;		On exit  : 0/0
   845 ;;		Unchanged: 0/0
   846 ;; Data sizes:     COMMON   BANK0   BANK1   BANK3   BANK2
   847 ;;      Params:         0       4       0       0       0
   848 ;;      Locals:         0      12       0       0       0
   849 ;;      Temps:          0       1       0       0       0
   850 ;;      Totals:         0      17       0       0       0
   851 ;;Total ram usage:       17 bytes
   852 ;; Hardware stack levels used: 1
   853 ;; Hardware stack levels required when called: 6
   854 ;; This function calls:
   855 ;;		_vfprintf
   856 ;; This function is called by:
   857 ;;		_main
   858 ;; This function uses a non-reentrant model
   859 ;;
   860                           
   861     0342                     _sprintf:	
   862                           ;psect for function _sprintf
   863                           
   864     0342                     l1278:	
   865                           ;incstack = 0
   866                           ; Regs used in _sprintf: [wreg-fsr0h+status,2+status,0+pclath+cstack]
   867                           
   868     0342  304A               	movlw	(low ((?_sprintf| 0+2)))& (0+255)
   869     0343  1283               	bcf	3,5	;RP0=0, select bank0
   870     0344  1303               	bcf	3,6	;RP1=0, select bank0
   871     0345  00CD               	movwf	sprintf@ap
   872     0346                     l1280:
   873     0346  0848               	movf	sprintf@s,w
   874     0347  00CE               	movwf	sprintf@f
   875     0348  3000               	movlw	0
   876     0349  00CF               	movwf	sprintf@f+1
   877     034A                     l1282:
   878     034A  01D0               	clrf	sprintf@f+2
   879     034B  01D1               	clrf	sprintf@f+3
   880     034C                     l1284:
   881     034C  01D7               	clrf	sprintf@f+9
   882     034D  01D8               	clrf	sprintf@f+10
   883     034E                     l1286:
   884     034E  304E               	movlw	low sprintf@f
   885     034F  00C3               	movwf	vfprintf@fp
   886     0350  3000               	movlw	high sprintf@f
   887     0351  00C4               	movwf	vfprintf@fp+1
   888     0352  0849               	movf	sprintf@fmt,w
   889     0353  00C5               	movwf	vfprintf@fmt
   890     0354  304D               	movlw	(low (sprintf@ap| 0))& (0+255)
   891     0355  00C6               	movwf	vfprintf@ap
   892     0356  120A  118A  231F  120A  118A  	fcall	_vfprintf
   893     035B                     l1288:
   894     035B  1283               	bcf	3,5	;RP0=0, select bank0
   895     035C  1303               	bcf	3,6	;RP1=0, select bank0
   896     035D  0850               	movf	sprintf@f+2,w
   897     035E  0748               	addwf	sprintf@s,w
   898     035F  00CC               	movwf	??_sprintf
   899     0360  084C               	movf	??_sprintf,w
   900     0361  0084               	movwf	4
   901     0362  1383               	bcf	3,7	;select IRP bank0
   902     0363  0180               	clrf	0
   903     0364                     l617:
   904     0364  0008               	return
   905     0365                     __end_of_sprintf:
   906                           
   907                           	psect	text2
   908     031F                     __ptext2:	
   909 ;; *************** function _vfprintf *****************
   910 ;; Defined at:
   911 ;;		line 1817 in file "C:\Program Files\Microchip\xc8\v3.10\pic\sources\c99\common\doprnt.c"
   912 ;; Parameters:    Size  Location     Type
   913 ;;  fp              2   35[BANK0 ] PTR struct _IO_FILE
   914 ;;		 -> sprintf@f(11), 
   915 ;;  fmt             1   37[BANK0 ] PTR const unsigned char 
   916 ;;		 -> STR_2(9), STR_1(9), 
   917 ;;  ap              1   38[BANK0 ] PTR PTR void 
   918 ;;		 -> sprintf@ap(1), 
   919 ;; Auto vars:     Size  Location     Type
   920 ;;  cfmt            1   39[BANK0 ] PTR unsigned char 
   921 ;;		 -> STR_2(9), STR_1(9), 
   922 ;; Return value:  Size  Location     Type
   923 ;;                  2   35[BANK0 ] int 
   924 ;; Registers used:
   925 ;;		wreg, fsr0l, fsr0h, status,2, status,0, pclath, cstack
   926 ;; Tracked objects:
   927 ;;		On entry : 0/0
   928 ;;		On exit  : 0/0
   929 ;;		Unchanged: 0/0
   930 ;; Data sizes:     COMMON   BANK0   BANK1   BANK3   BANK2
   931 ;;      Params:         0       4       0       0       0
   932 ;;      Locals:         0       1       0       0       0
   933 ;;      Temps:          0       0       0       0       0
   934 ;;      Totals:         0       5       0       0       0
   935 ;;Total ram usage:        5 bytes
   936 ;; Hardware stack levels used: 1
   937 ;; Hardware stack levels required when called: 5
   938 ;; This function calls:
   939 ;;		_vfpfcnvrt
   940 ;; This function is called by:
   941 ;;		_sprintf
   942 ;; This function uses a non-reentrant model
   943 ;;
   944                           
   945     031F                     _vfprintf:	
   946                           ;psect for function _vfprintf
   947                           
   948     031F                     l1222:	
   949                           ;incstack = 0
   950                           ; Regs used in _vfprintf: [wreg-fsr0h+status,2+status,0+pclath+cstack]
   951                           
   952                           
   953                           ;C:\Program Files\Microchip\xc8\v3.10\pic\sources\c99\common\doprnt.c: 1817: int vfprint
      +                          f(FILE *fp, const char *fmt, va_list ap);C:\Program Files\Microchip\xc8\v3.10\pic\source
      +                          s\c99\common\doprnt.c: 1818: {;C:\Program Files\Microchip\xc8\v3.10\pic\sources\c99\comm
      +                          on\doprnt.c: 1820:     char *cfmt;;C:\Program Files\Microchip\xc8\v3.10\pic\sources\c99\
      +                          common\doprnt.c: 1822:     cfmt = (char *)fmt;
   954     031F  1283               	bcf	3,5	;RP0=0, select bank0
   955     0320  1303               	bcf	3,6	;RP1=0, select bank0
   956     0321  0845               	movf	vfprintf@fmt,w
   957     0322  00C7               	movwf	vfprintf@cfmt
   958                           
   959                           ;C:\Program Files\Microchip\xc8\v3.10\pic\sources\c99\common\doprnt.c: 1826:     while (
      +                          *cfmt) {
   960     0323  2B31               	goto	l1226
   961     0324                     l1224:
   962                           
   963                           ;C:\Program Files\Microchip\xc8\v3.10\pic\sources\c99\common\doprnt.c: 1830:    vfpfcnvr
      +                          t(fp, &cfmt, ap);
   964     0324  0843               	movf	vfprintf@fp,w
   965     0325  00B8               	movwf	vfpfcnvrt@fp
   966     0326  0844               	movf	vfprintf@fp+1,w
   967     0327  00B9               	movwf	vfpfcnvrt@fp+1
   968     0328  3047               	movlw	(low (vfprintf@cfmt| 0))& (0+255)
   969     0329  00BA               	movwf	vfpfcnvrt@fmt
   970     032A  0846               	movf	vfprintf@ap,w
   971     032B  00BB               	movwf	vfpfcnvrt@ap
   972     032C  120A  118A  2758  120A  118A  	fcall	_vfpfcnvrt
   973     0331                     l1226:
   974                           
   975                           ;C:\Program Files\Microchip\xc8\v3.10\pic\sources\c99\common\doprnt.c: 1826:     while (
      +                          *cfmt) {
   976     0331  1283               	bcf	3,5	;RP0=0, select bank0
   977     0332  1303               	bcf	3,6	;RP1=0, select bank0
   978     0333  0847               	movf	vfprintf@cfmt,w
   979     0334  0084               	movwf	4
   980     0335  120A  118A  2003  120A  118A  	fcall	stringdir
   981     033A  3A00               	xorlw	0
   982     033B  1D03               	skipz
   983     033C  2B3E               	goto	u871
   984     033D  2B3F               	goto	u870
   985     033E                     u871:
   986     033E  2B24               	goto	l1224
   987     033F                     u870:
   988     033F                     l1228:
   989                           
   990                           ;C:\Program Files\Microchip\xc8\v3.10\pic\sources\c99\common\doprnt.c: 1835:  return 0;
   991     033F  01C3               	clrf	?_vfprintf
   992     0340  01C4               	clrf	?_vfprintf+1
   993     0341                     l673:
   994     0341  0008               	return
   995     0342                     __end_of_vfprintf:
   996                           
   997                           	psect	text3
   998     0758                     __ptext3:	
   999 ;; *************** function _vfpfcnvrt *****************
  1000 ;; Defined at:
  1001 ;;		line 1177 in file "C:\Program Files\Microchip\xc8\v3.10\pic\sources\c99\common\doprnt.c"
  1002 ;; Parameters:    Size  Location     Type
  1003 ;;  fp              2   24[BANK0 ] PTR struct _IO_FILE
  1004 ;;		 -> sprintf@f(11), 
  1005 ;;  fmt             1   26[BANK0 ] PTR PTR unsigned char 
  1006 ;;		 -> vfprintf@cfmt(1), 
  1007 ;;  ap              1   27[BANK0 ] PTR PTR void 
  1008 ;;		 -> sprintf@ap(1), 
  1009 ;; Auto vars:     Size  Location     Type
  1010 ;;  convarg         4   30[BANK0 ] struct .
  1011 ;;  cp              1   34[BANK0 ] PTR unsigned char 
  1012 ;;		 -> STR_2(9), STR_1(9), 
  1013 ;;  done            1    0        _Bool 
  1014 ;;  c               1    0        unsigned char 
  1015 ;; Return value:  Size  Location     Type
  1016 ;;                  1    wreg      void 
  1017 ;; Registers used:
  1018 ;;		wreg, fsr0l, fsr0h, status,2, status,0, pclath, cstack
  1019 ;; Tracked objects:
  1020 ;;		On entry : 0/0
  1021 ;;		On exit  : 0/0
  1022 ;;		Unchanged: 0/0
  1023 ;; Data sizes:     COMMON   BANK0   BANK1   BANK3   BANK2
  1024 ;;      Params:         0       4       0       0       0
  1025 ;;      Locals:         0       5       0       0       0
  1026 ;;      Temps:          0       2       0       0       0
  1027 ;;      Totals:         0      11       0       0       0
  1028 ;;Total ram usage:       11 bytes
  1029 ;; Hardware stack levels used: 1
  1030 ;; Hardware stack levels required when called: 4
  1031 ;; This function calls:
  1032 ;;		_fputc
  1033 ;;		_read_prec_or_width
  1034 ;;		_utoa
  1035 ;; This function is called by:
  1036 ;;		_vfprintf
  1037 ;; This function uses a non-reentrant model
  1038 ;;
  1039                           
  1040     0758                     _vfpfcnvrt:	
  1041                           ;psect for function _vfpfcnvrt
  1042                           
  1043     0758                     l1166:	
  1044                           ;incstack = 0
  1045                           ; Regs used in _vfpfcnvrt: [wreg-fsr0h+status,2+status,0+pclath+cstack]
  1046                           
  1047                           
  1048                           ;C:\Program Files\Microchip\xc8\v3.10\pic\sources\c99\common\doprnt.c: 1177: vfpfcnvrt(F
      +                          ILE *fp, char *fmt[], va_list ap);C:\Program Files\Microchip\xc8\v3.10\pic\sources\c99\c
      +                          ommon\doprnt.c: 1178: {;C:\Program Files\Microchip\xc8\v3.10\pic\sources\c99\common\dopr
      +                          nt.c: 1179:     char c, *cp;;C:\Program Files\Microchip\xc8\v3.10\pic\sources\c99\common
      +                          \doprnt.c: 1180:     _Bool done;;C:\Program Files\Microchip\xc8\v3.10\pic\sources\c99\co
      +                          mmon\doprnt.c: 1188:  } convarg;;C:\Program Files\Microchip\xc8\v3.10\pic\sources\c99\co
      +                          mmon\doprnt.c: 1201:     if ((*fmt)[0] == '%') {
  1049     0758  1283               	bcf	3,5	;RP0=0, select bank0
  1050     0759  1303               	bcf	3,6	;RP1=0, select bank0
  1051     075A  083A               	movf	vfpfcnvrt@fmt,w
  1052     075B  0084               	movwf	4
  1053     075C  1383               	bcf	3,7	;select IRP bank0
  1054     075D  0800               	movf	0,w
  1055     075E  0084               	movwf	4
  1056     075F  120A  118A  2003  120A  118A  	fcall	stringdir
  1057     0764  3A25               	xorlw	37
  1058     0765  1D03               	skipz
  1059     0766  2F68               	goto	u841
  1060     0767  2F69               	goto	u840
  1061     0768                     u841:
  1062     0768  2FD9               	goto	l1200
  1063     0769                     u840:
  1064     0769                     l1168:
  1065                           
  1066                           ;C:\Program Files\Microchip\xc8\v3.10\pic\sources\c99\common\doprnt.c: 1202:         ++*
      +                          fmt;
  1067     0769  083A               	movf	vfpfcnvrt@fmt,w
  1068     076A  0084               	movwf	4
  1069     076B  3001               	movlw	1
  1070     076C  0780               	addwf	0,f
  1071     076D                     l1170:
  1072                           
  1073                           ;C:\Program Files\Microchip\xc8\v3.10\pic\sources\c99\common\doprnt.c: 1204:         fla
      +                          gs = width = 0;
  1074     076D  1683               	bsf	3,5	;RP0=1, select bank1
  1075     076E  1303               	bcf	3,6	;RP1=0, select bank1
  1076     076F  01A0               	clrf	_width^(0+128)
  1077     0770  01A1               	clrf	(_width+1)^(0+128)
  1078     0771  3000               	movlw	0
  1079     0772  00A4               	movwf	_flags^(0+128)
  1080     0773                     l1172:
  1081                           
  1082                           ;C:\Program Files\Microchip\xc8\v3.10\pic\sources\c99\common\doprnt.c: 1205:         pre
      +                          c = -1;
  1083     0773  30FF               	movlw	255
  1084     0774  00A2               	movwf	_prec^(0+128)
  1085     0775  30FF               	movlw	255
  1086     0776  00A3               	movwf	(_prec^(0+128)+1)
  1087     0777                     l1174:
  1088                           
  1089                           ;C:\Program Files\Microchip\xc8\v3.10\pic\sources\c99\common\doprnt.c: 1256:   width = r
      +                          ead_prec_or_width(fmt, ap);
  1090     0777  1283               	bcf	3,5	;RP0=0, select bank0
  1091     0778  1303               	bcf	3,6	;RP1=0, select bank0
  1092     0779  083A               	movf	vfpfcnvrt@fmt,w
  1093     077A  00F6               	movwf	read_prec_or_width@fmt
  1094     077B  083B               	movf	vfpfcnvrt@ap,w
  1095     077C  00F7               	movwf	read_prec_or_width@ap
  1096     077D  120A  118A  24A5  120A  118A  	fcall	_read_prec_or_width
  1097     0782  0877               	movf	?_read_prec_or_width+1,w
  1098     0783  1683               	bsf	3,5	;RP0=1, select bank1
  1099     0784  1303               	bcf	3,6	;RP1=0, select bank1
  1100     0785  00A1               	movwf	(_width+1)^(0+128)
  1101     0786  0876               	movf	?_read_prec_or_width,w
  1102     0787  00A0               	movwf	_width^(0+128)
  1103     0788                     l1176:
  1104                           
  1105                           ;C:\Program Files\Microchip\xc8\v3.10\pic\sources\c99\common\doprnt.c: 1257:   if (width
      +                           < 0) {
  1106     0788  1FA1               	btfss	(_width+1)^(0+128),7
  1107     0789  2F8B               	goto	u851
  1108     078A  2F8C               	goto	u850
  1109     078B                     u851:
  1110     078B  2F92               	goto	l1182
  1111     078C                     u850:
  1112     078C                     l1178:
  1113                           
  1114                           ;C:\Program Files\Microchip\xc8\v3.10\pic\sources\c99\common\doprnt.c: 1258:    flags |=
      +                           (1 << 0);
  1115     078C  1424               	bsf	_flags^(0+128),0
  1116     078D                     l1180:
  1117                           
  1118                           ;C:\Program Files\Microchip\xc8\v3.10\pic\sources\c99\common\doprnt.c: 1259:    width = 
      +                          -width;
  1119     078D  09A0               	comf	_width^(0+128),f
  1120     078E  09A1               	comf	(_width+1)^(0+128),f
  1121     078F  0AA0               	incf	_width^(0+128),f
  1122     0790  1903               	skipnz
  1123     0791  0AA1               	incf	(_width+1)^(0+128),f
  1124     0792                     l1182:
  1125                           
  1126                           ;C:\Program Files\Microchip\xc8\v3.10\pic\sources\c99\common\doprnt.c: 1439:   if (0
  1127     0792  1283               	bcf	3,5	;RP0=0, select bank0
  1128     0793  1303               	bcf	3,6	;RP1=0, select bank0
  1129     0794  083A               	movf	vfpfcnvrt@fmt,w
  1130     0795  0084               	movwf	4
  1131     0796  1383               	bcf	3,7	;select IRP bank0
  1132     0797  0800               	movf	0,w
  1133     0798  00C2               	movwf	vfpfcnvrt@cp
  1134     0799                     l1184:
  1135     0799  0842               	movf	vfpfcnvrt@cp,w
  1136     079A  0084               	movwf	4
  1137     079B  120A  118A  2003  120A  118A  	fcall	stringdir
  1138     07A0  3A75               	xorlw	117
  1139     07A1  1D03               	skipz
  1140     07A2  2FA4               	goto	u861
  1141     07A3  2FA5               	goto	u860
  1142     07A4                     u861:
  1143     07A4  2FD1               	goto	l1196
  1144     07A5                     u860:
  1145     07A5                     l1186:
  1146                           
  1147                           ;C:\Program Files\Microchip\xc8\v3.10\pic\sources\c99\common\doprnt.c: 1452:     ) {;C:\
      +                          Program Files\Microchip\xc8\v3.10\pic\sources\c99\common\doprnt.c: 1495:    convarg.uint
      +                           = (vfpf_uint_t)(unsigned int)(*(unsigned int *)__va_arg(*(unsigned int **)ap, (unsigned
      +                           int)0));
  1148     07A5  083B               	movf	vfpfcnvrt@ap,w
  1149     07A6  0084               	movwf	4
  1150     07A7  0800               	movf	0,w
  1151     07A8  00BC               	movwf	??_vfpfcnvrt
  1152     07A9  3002               	movlw	2
  1153     07AA  0780               	addwf	0,f
  1154     07AB  083C               	movf	??_vfpfcnvrt,w
  1155     07AC  0084               	movwf	4
  1156     07AD  0800               	movf	0,w
  1157     07AE  00BE               	movwf	vfpfcnvrt@convarg
  1158     07AF  0A84               	incf	4,f
  1159     07B0  0800               	movf	0,w
  1160     07B1  00BF               	movwf	vfpfcnvrt@convarg+1
  1161                           
  1162                           ;C:\Program Files\Microchip\xc8\v3.10\pic\sources\c99\common\doprnt.c: 1497:    *fmt = c
      +                          p+1;
  1163     07B2  083A               	movf	vfpfcnvrt@fmt,w
  1164     07B3  0084               	movwf	4
  1165     07B4  0842               	movf	vfpfcnvrt@cp,w
  1166     07B5  3E01               	addlw	1
  1167     07B6  0080               	movwf	0
  1168                           
  1169                           ;C:\Program Files\Microchip\xc8\v3.10\pic\sources\c99\common\doprnt.c: 1498:    switch (
      +                          *cp) {
  1170     07B7  2FC6               	goto	l1194
  1171     07B8                     l1188:
  1172                           
  1173                           ;C:\Program Files\Microchip\xc8\v3.10\pic\sources\c99\common\doprnt.c: 1542:      return
      +                           (void) utoa(fp, convarg.uint);;	Return value of _vfpfcnvrt is never used
  1174     07B8  0838               	movf	vfpfcnvrt@fp,w
  1175     07B9  00AF               	movwf	utoa@fp
  1176     07BA  0839               	movf	vfpfcnvrt@fp+1,w
  1177     07BB  00B0               	movwf	utoa@fp+1
  1178     07BC  083F               	movf	vfpfcnvrt@convarg+1,w
  1179     07BD  00B2               	movwf	utoa@d+1
  1180     07BE  083E               	movf	vfpfcnvrt@convarg,w
  1181     07BF  00B1               	movwf	utoa@d
  1182     07C0  120A  118A  25B5  120A  118A  	fcall	_utoa
  1183     07C5  2FF2               	goto	l666
  1184     07C6                     l1194:
  1185     07C6  0842               	movf	vfpfcnvrt@cp,w
  1186     07C7  0084               	movwf	4
  1187     07C8  120A  118A  2003  120A  118A  	fcall	stringdir
  1188                           
  1189                           ; Switch size 1, requested type "simple"
  1190                           ; Number of cases is 1, Range of values is 117 to 117
  1191                           ; switch strategies available:
  1192                           ; Name         Instructions Cycles
  1193                           ; simple_byte            4     3 (average)
  1194                           ; direct_byte           14    11 (fixed)
  1195                           ; jumptable            263     9 (fixed)
  1196                           ;	Chosen strategy is simple_byte
  1197     07CD  3A75               	xorlw	117	; case 117
  1198     07CE  1903               	skipnz
  1199     07CF  2FB8               	goto	l1188
  1200     07D0  2FD1               	goto	l1196
  1201     07D1                     l1196:
  1202                           
  1203                           ;C:\Program Files\Microchip\xc8\v3.10\pic\sources\c99\common\doprnt.c: 1806:         ++*
      +                          fmt;
  1204     07D1  1283               	bcf	3,5	;RP0=0, select bank0
  1205     07D2  1303               	bcf	3,6	;RP1=0, select bank0
  1206     07D3  083A               	movf	vfpfcnvrt@fmt,w
  1207     07D4  0084               	movwf	4
  1208     07D5  3001               	movlw	1
  1209     07D6  1383               	bcf	3,7	;select IRP bank0
  1210     07D7  0780               	addwf	0,f
  1211     07D8  2FF2               	goto	l666
  1212     07D9                     l1200:
  1213                           
  1214                           ;C:\Program Files\Microchip\xc8\v3.10\pic\sources\c99\common\doprnt.c: 1811:     fputc((
      +                          int)(*fmt)[0], fp);
  1215     07D9  083A               	movf	vfpfcnvrt@fmt,w
  1216     07DA  0084               	movwf	4
  1217     07DB  0800               	movf	0,w
  1218     07DC  0084               	movwf	4
  1219     07DD  120A  118A  2003  120A  118A  	fcall	stringdir
  1220     07E2  00BC               	movwf	??_vfpfcnvrt
  1221     07E3  01BD               	clrf	??_vfpfcnvrt+1
  1222     07E4  083C               	movf	??_vfpfcnvrt,w
  1223     07E5  00F0               	movwf	fputc@c
  1224     07E6  083D               	movf	??_vfpfcnvrt+1,w
  1225     07E7  00F1               	movwf	fputc@c+1
  1226     07E8  0838               	movf	vfpfcnvrt@fp,w
  1227     07E9  00F2               	movwf	fputc@fp
  1228     07EA  0839               	movf	vfpfcnvrt@fp+1,w
  1229     07EB  00F3               	movwf	fputc@fp+1
  1230     07EC  120A  118A  26BE  120A  118A  	fcall	_fputc
  1231     07F1  2FD1               	goto	l1196
  1232     07F2                     l666:
  1233     07F2  0008               	return
  1234     07F3                     __end_of_vfpfcnvrt:
  1235                           
  1236                           	psect	text4
  1237     05B5                     __ptext4:	
  1238 ;; *************** function _utoa *****************
  1239 ;; Defined at:
  1240 ;;		line 1001 in file "C:\Program Files\Microchip\xc8\v3.10\pic\sources\c99\common\doprnt.c"
  1241 ;; Parameters:    Size  Location     Type
  1242 ;;  fp              2   15[BANK0 ] PTR struct _IO_FILE
  1243 ;;		 -> sprintf@f(11), 
  1244 ;;  d               2   17[BANK0 ] unsigned int 
  1245 ;; Auto vars:     Size  Location     Type
  1246 ;;  i               2   22[BANK0 ] int 
  1247 ;;  w               2   19[BANK0 ] int 
  1248 ;;  p               1   21[BANK0 ] _Bool 
  1249 ;; Return value:  Size  Location     Type
  1250 ;;                  1    wreg      void 
  1251 ;; Registers used:
  1252 ;;		wreg, fsr0l, fsr0h, status,2, status,0, pclath, cstack
  1253 ;; Tracked objects:
  1254 ;;		On entry : 0/0
  1255 ;;		On exit  : 0/0
  1256 ;;		Unchanged: 0/0
  1257 ;; Data sizes:     COMMON   BANK0   BANK1   BANK3   BANK2
  1258 ;;      Params:         0       4       0       0       0
  1259 ;;      Locals:         0       5       0       0       0
  1260 ;;      Temps:          0       0       0       0       0
  1261 ;;      Totals:         0       9       0       0       0
  1262 ;;Total ram usage:        9 bytes
  1263 ;; Hardware stack levels used: 1
  1264 ;; Hardware stack levels required when called: 3
  1265 ;; This function calls:
  1266 ;;		___lwdiv
  1267 ;;		___lwmod
  1268 ;;		_pad
  1269 ;; This function is called by:
  1270 ;;		_vfpfcnvrt
  1271 ;; This function uses a non-reentrant model
  1272 ;;
  1273                           
  1274     05B5                     _utoa:	
  1275                           ;psect for function _utoa
  1276                           
  1277     05B5                     l1124:	
  1278                           ;incstack = 0
  1279                           ; Regs used in _utoa: [wreg-fsr0h+status,2+status,0+pclath+cstack]
  1280                           
  1281                           
  1282                           ;C:\Program Files\Microchip\xc8\v3.10\pic\sources\c99\common\doprnt.c: 1001: static void
      +                           utoa(FILE *fp, vfpf_uint_t d);C:\Program Files\Microchip\xc8\v3.10\pic\sources\c99\comm
      +                          on\doprnt.c: 1002: {;C:\Program Files\Microchip\xc8\v3.10\pic\sources\c99\common\doprnt.
      +                          c: 1003:     int i, w;;C:\Program Files\Microchip\xc8\v3.10\pic\sources\c99\common\doprn
      +                          t.c: 1007:  _Bool p = 1;
  1283     05B5  3001               	movlw	1
  1284     05B6  1283               	bcf	3,5	;RP0=0, select bank0
  1285     05B7  1303               	bcf	3,6	;RP1=0, select bank0
  1286     05B8  00B5               	movwf	utoa@p
  1287     05B9                     l1126:
  1288                           
  1289                           ;C:\Program Files\Microchip\xc8\v3.10\pic\sources\c99\common\doprnt.c: 1019:     w = wid
      +                          th;
  1290     05B9  1683               	bsf	3,5	;RP0=1, select bank1
  1291     05BA  1303               	bcf	3,6	;RP1=0, select bank1
  1292     05BB  0821               	movf	(_width+1)^(0+128),w
  1293     05BC  1283               	bcf	3,5	;RP0=0, select bank0
  1294     05BD  1303               	bcf	3,6	;RP1=0, select bank0
  1295     05BE  00B4               	movwf	utoa@w+1
  1296     05BF  1683               	bsf	3,5	;RP0=1, select bank1
  1297     05C0  1303               	bcf	3,6	;RP1=0, select bank1
  1298     05C1  0820               	movf	_width^(0+128),w
  1299     05C2  1283               	bcf	3,5	;RP0=0, select bank0
  1300     05C3  1303               	bcf	3,6	;RP1=0, select bank0
  1301     05C4  00B3               	movwf	utoa@w
  1302                           
  1303                           ;C:\Program Files\Microchip\xc8\v3.10\pic\sources\c99\common\doprnt.c: 1022:     i = siz
      +                          eof(dbuf) - 1;
  1304     05C5  301F               	movlw	31
  1305     05C6  00B6               	movwf	utoa@i
  1306     05C7  3000               	movlw	0
  1307     05C8  00B7               	movwf	utoa@i+1
  1308     05C9                     l1128:
  1309                           
  1310                           ;C:\Program Files\Microchip\xc8\v3.10\pic\sources\c99\common\doprnt.c: 1023:     dbuf[i]
      +                           = '\0';
  1311     05C9  1683               	bsf	3,5	;RP0=1, select bank1
  1312     05CA  1303               	bcf	3,6	;RP1=0, select bank1
  1313     05CB  01C4               	clrf	(_dbuf^(0+128)+31)
  1314                           
  1315                           ;C:\Program Files\Microchip\xc8\v3.10\pic\sources\c99\common\doprnt.c: 1024:     while (
      +                          i && (d != 0
  1316     05CC  2E03               	goto	l1140
  1317     05CD                     l1130:
  1318                           
  1319                           ;C:\Program Files\Microchip\xc8\v3.10\pic\sources\c99\common\doprnt.c: 1033:     )) {;C:
      +                          \Program Files\Microchip\xc8\v3.10\pic\sources\c99\common\doprnt.c: 1034:         --i;
  1320     05CD  30FF               	movlw	255
  1321     05CE  07B6               	addwf	utoa@i,f
  1322     05CF  1803               	skipnc
  1323     05D0  0AB7               	incf	utoa@i+1,f
  1324     05D1  30FF               	movlw	255
  1325     05D2  07B7               	addwf	utoa@i+1,f
  1326     05D3                     l1132:
  1327                           
  1328                           ;C:\Program Files\Microchip\xc8\v3.10\pic\sources\c99\common\doprnt.c: 1035:         dbu
      +                          f[i] = '0' + (d % 10);
  1329     05D3  0836               	movf	utoa@i,w
  1330     05D4  3EA5               	addlw	(low (_dbuf| 0))& (0+255)
  1331     05D5  0084               	movwf	4
  1332     05D6  300A               	movlw	10
  1333     05D7  00F0               	movwf	___lwmod@divisor
  1334     05D8  3000               	movlw	0
  1335     05D9  00F1               	movwf	___lwmod@divisor+1
  1336     05DA  0832               	movf	utoa@d+1,w
  1337     05DB  00F3               	movwf	___lwmod@dividend+1
  1338     05DC  0831               	movf	utoa@d,w
  1339     05DD  00F2               	movwf	___lwmod@dividend
  1340     05DE  120A  118A  23E5  120A  118A  	fcall	___lwmod
  1341     05E3  0870               	movf	?___lwmod,w
  1342     05E4  3E30               	addlw	48
  1343     05E5  1383               	bcf	3,7	;select IRP bank1
  1344     05E6  0080               	movwf	0
  1345     05E7                     l1134:
  1346                           
  1347                           ;C:\Program Files\Microchip\xc8\v3.10\pic\sources\c99\common\doprnt.c: 1039:   p = 0;
  1348     05E7  1283               	bcf	3,5	;RP0=0, select bank0
  1349     05E8  1303               	bcf	3,6	;RP1=0, select bank0
  1350     05E9  01B5               	clrf	utoa@p
  1351     05EA                     l1136:
  1352                           
  1353                           ;C:\Program Files\Microchip\xc8\v3.10\pic\sources\c99\common\doprnt.c: 1041:         --w
      +                          ;
  1354     05EA  30FF               	movlw	255
  1355     05EB  07B3               	addwf	utoa@w,f
  1356     05EC  1803               	skipnc
  1357     05ED  0AB4               	incf	utoa@w+1,f
  1358     05EE  30FF               	movlw	255
  1359     05EF  07B4               	addwf	utoa@w+1,f
  1360     05F0                     l1138:
  1361                           
  1362                           ;C:\Program Files\Microchip\xc8\v3.10\pic\sources\c99\common\doprnt.c: 1042:         d =
      +                           d / 10;
  1363     05F0  300A               	movlw	10
  1364     05F1  00F0               	movwf	___lwdiv@divisor
  1365     05F2  3000               	movlw	0
  1366     05F3  00F1               	movwf	___lwdiv@divisor+1
  1367     05F4  0832               	movf	utoa@d+1,w
  1368     05F5  00F3               	movwf	___lwdiv@dividend+1
  1369     05F6  0831               	movf	utoa@d,w
  1370     05F7  00F2               	movwf	___lwdiv@dividend
  1371     05F8  120A  118A  241D  120A  118A  	fcall	___lwdiv
  1372     05FD  0871               	movf	?___lwdiv+1,w
  1373     05FE  1283               	bcf	3,5	;RP0=0, select bank0
  1374     05FF  1303               	bcf	3,6	;RP1=0, select bank0
  1375     0600  00B2               	movwf	utoa@d+1
  1376     0601  0870               	movf	?___lwdiv,w
  1377     0602  00B1               	movwf	utoa@d
  1378     0603                     l1140:
  1379                           
  1380                           ;C:\Program Files\Microchip\xc8\v3.10\pic\sources\c99\common\doprnt.c: 1024:     while (
      +                          i && (d != 0
  1381     0603  1283               	bcf	3,5	;RP0=0, select bank0
  1382     0604  0836               	movf	utoa@i,w
  1383     0605  0437               	iorwf	utoa@i+1,w
  1384     0606  1903               	btfsc	3,2
  1385     0607  2E09               	goto	u791
  1386     0608  2E0A               	goto	u790
  1387     0609                     u791:
  1388     0609  2E15               	goto	l1146
  1389     060A                     u790:
  1390     060A                     l1142:
  1391     060A  0831               	movf	utoa@d,w
  1392     060B  0432               	iorwf	utoa@d+1,w
  1393     060C  1D03               	btfss	3,2
  1394     060D  2E0F               	goto	u801
  1395     060E  2E10               	goto	u800
  1396     060F                     u801:
  1397     060F  2DCD               	goto	l1130
  1398     0610                     u800:
  1399     0610                     l1144:
  1400     0610  0835               	movf	utoa@p,w
  1401     0611  1D03               	btfss	3,2
  1402     0612  2E14               	goto	u811
  1403     0613  2E15               	goto	u810
  1404     0614                     u811:
  1405     0614  2DCD               	goto	l1130
  1406     0615                     u810:
  1407     0615                     l1146:
  1408                           
  1409                           ;C:\Program Files\Microchip\xc8\v3.10\pic\sources\c99\common\doprnt.c: 1046:     return 
      +                          (void) pad(fp, &dbuf[i], w);
  1410     0615  082F               	movf	utoa@fp,w
  1411     0616  00A8               	movwf	pad@fp
  1412     0617  0830               	movf	utoa@fp+1,w
  1413     0618  00A9               	movwf	pad@fp+1
  1414     0619  0836               	movf	utoa@i,w
  1415     061A  3EA5               	addlw	(low (_dbuf| 0))& (0+255)
  1416     061B  00AA               	movwf	pad@buf
  1417     061C  0834               	movf	utoa@w+1,w
  1418     061D  00AC               	movwf	pad@p+1
  1419     061E  0833               	movf	utoa@w,w
  1420     061F  00AB               	movwf	pad@p
  1421     0620  120A  118A  24F8  120A  118A  	fcall	_pad
  1422     0625                     l648:
  1423     0625  0008               	return
  1424     0626                     __end_of_utoa:
  1425                           
  1426                           	psect	text5
  1427     04F8                     __ptext5:	
  1428 ;; *************** function _pad *****************
  1429 ;; Defined at:
  1430 ;;		line 193 in file "C:\Program Files\Microchip\xc8\v3.10\pic\sources\c99\common\doprnt.c"
  1431 ;; Parameters:    Size  Location     Type
  1432 ;;  fp              2    8[BANK0 ] PTR struct _IO_FILE
  1433 ;;		 -> sprintf@f(11), 
  1434 ;;  buf             1   10[BANK0 ] PTR unsigned char 
  1435 ;;		 -> dbuf(32), 
  1436 ;;  p               2   11[BANK0 ] int 
  1437 ;; Auto vars:     Size  Location     Type
  1438 ;;  i               2   13[BANK0 ] int 
  1439 ;; Return value:  Size  Location     Type
  1440 ;;                  1    wreg      void 
  1441 ;; Registers used:
  1442 ;;		wreg, fsr0l, fsr0h, status,2, status,0, pclath, cstack
  1443 ;; Tracked objects:
  1444 ;;		On entry : 0/0
  1445 ;;		On exit  : 0/0
  1446 ;;		Unchanged: 0/0
  1447 ;; Data sizes:     COMMON   BANK0   BANK1   BANK3   BANK2
  1448 ;;      Params:         0       5       0       0       0
  1449 ;;      Locals:         0       2       0       0       0
  1450 ;;      Temps:          1       0       0       0       0
  1451 ;;      Totals:         1       7       0       0       0
  1452 ;;Total ram usage:        8 bytes
  1453 ;; Hardware stack levels used: 1
  1454 ;; Hardware stack levels required when called: 2
  1455 ;; This function calls:
  1456 ;;		_fputc
  1457 ;;		_fputs
  1458 ;; This function is called by:
  1459 ;;		_utoa
  1460 ;; This function uses a non-reentrant model
  1461 ;;
  1462                           
  1463     04F8                     _pad:	
  1464                           ;psect for function _pad
  1465                           
  1466     04F8                     l1108:	
  1467                           ;incstack = 0
  1468                           ; Regs used in _pad: [wreg-fsr0h+status,2+status,0+pclath+cstack]
  1469                           
  1470                           
  1471                           ;C:\Program Files\Microchip\xc8\v3.10\pic\sources\c99\common\doprnt.c: 193: static void 
      +                          pad(FILE *fp, char *buf, int p);C:\Program Files\Microchip\xc8\v3.10\pic\sources\c99\com
      +                          mon\doprnt.c: 194: {;C:\Program Files\Microchip\xc8\v3.10\pic\sources\c99\common\doprnt.
      +                          c: 195:     int i;;C:\Program Files\Microchip\xc8\v3.10\pic\sources\c99\common\doprnt.c:
      +                           199:     if (flags & (1 << 0)) {
  1472     04F8  1683               	bsf	3,5	;RP0=1, select bank1
  1473     04F9  1303               	bcf	3,6	;RP1=0, select bank1
  1474     04FA  1C24               	btfss	_flags^(0+128),0
  1475     04FB  2CFD               	goto	u751
  1476     04FC  2CFE               	goto	u750
  1477     04FD                     u751:
  1478     04FD  2D0B               	goto	l1112
  1479     04FE                     u750:
  1480     04FE                     l1110:
  1481                           
  1482                           ;C:\Program Files\Microchip\xc8\v3.10\pic\sources\c99\common\doprnt.c: 200:         fput
      +                          s((const char *)buf, fp);
  1483     04FE  1283               	bcf	3,5	;RP0=0, select bank0
  1484     04FF  1303               	bcf	3,6	;RP1=0, select bank0
  1485     0500  082A               	movf	pad@buf,w
  1486     0501  00A0               	movwf	fputs@s
  1487     0502  0828               	movf	pad@fp,w
  1488     0503  00A1               	movwf	fputs@fp
  1489     0504  0829               	movf	pad@fp+1,w
  1490     0505  00A2               	movwf	fputs@fp+1
  1491     0506  120A  118A  238A  120A  118A  	fcall	_fputs
  1492     050B                     l1112:
  1493                           
  1494                           ;C:\Program Files\Microchip\xc8\v3.10\pic\sources\c99\common\doprnt.c: 205:  if (p < 0) 
      +                          {
  1495     050B  1283               	bcf	3,5	;RP0=0, select bank0
  1496     050C  1303               	bcf	3,6	;RP1=0, select bank0
  1497     050D  1FAC               	btfss	pad@p+1,7
  1498     050E  2D10               	goto	u761
  1499     050F  2D11               	goto	u760
  1500     0510                     u761:
  1501     0510  2D13               	goto	l635
  1502     0511                     u760:
  1503     0511                     l1114:
  1504                           
  1505                           ;C:\Program Files\Microchip\xc8\v3.10\pic\sources\c99\common\doprnt.c: 206:   p = 0;
  1506     0511  01AB               	clrf	pad@p
  1507     0512  01AC               	clrf	pad@p+1
  1508     0513                     l635:	
  1509                           ;C:\Program Files\Microchip\xc8\v3.10\pic\sources\c99\common\doprnt.c: 207:  }
  1510                           
  1511                           
  1512                           ;C:\Program Files\Microchip\xc8\v3.10\pic\sources\c99\common\doprnt.c: 208:     i = 0;
  1513     0513  01AD               	clrf	pad@i
  1514     0514  01AE               	clrf	pad@i+1
  1515                           
  1516                           ;C:\Program Files\Microchip\xc8\v3.10\pic\sources\c99\common\doprnt.c: 209:     while (i
      +                           < p) {
  1517     0515  2D2D               	goto	l1120
  1518     0516                     l1116:
  1519                           
  1520                           ;C:\Program Files\Microchip\xc8\v3.10\pic\sources\c99\common\doprnt.c: 210:         fput
      +                          c(' ', fp);
  1521     0516  3020               	movlw	32
  1522     0517  00F0               	movwf	fputc@c
  1523     0518  3000               	movlw	0
  1524     0519  00F1               	movwf	fputc@c+1
  1525     051A  1283               	bcf	3,5	;RP0=0, select bank0
  1526     051B  1303               	bcf	3,6	;RP1=0, select bank0
  1527     051C  0828               	movf	pad@fp,w
  1528     051D  00F2               	movwf	fputc@fp
  1529     051E  0829               	movf	pad@fp+1,w
  1530     051F  00F3               	movwf	fputc@fp+1
  1531     0520  120A  118A  26BE  120A  118A  	fcall	_fputc
  1532     0525                     l1118:
  1533                           
  1534                           ;C:\Program Files\Microchip\xc8\v3.10\pic\sources\c99\common\doprnt.c: 211:         ++i;
  1535     0525  3001               	movlw	1
  1536     0526  1283               	bcf	3,5	;RP0=0, select bank0
  1537     0527  1303               	bcf	3,6	;RP1=0, select bank0
  1538     0528  07AD               	addwf	pad@i,f
  1539     0529  1803               	skipnc
  1540     052A  0AAE               	incf	pad@i+1,f
  1541     052B  3000               	movlw	0
  1542     052C  07AE               	addwf	pad@i+1,f
  1543     052D                     l1120:
  1544                           
  1545                           ;C:\Program Files\Microchip\xc8\v3.10\pic\sources\c99\common\doprnt.c: 209:     while (i
      +                           < p) {
  1546     052D  082E               	movf	pad@i+1,w
  1547     052E  3A80               	xorlw	128
  1548     052F  00FD               	movwf	??_pad
  1549     0530  082C               	movf	pad@p+1,w
  1550     0531  3A80               	xorlw	128
  1551     0532  027D               	subwf	??_pad,w
  1552     0533  1D03               	skipz
  1553     0534  2D37               	goto	u775
  1554     0535  082B               	movf	pad@p,w
  1555     0536  022D               	subwf	pad@i,w
  1556     0537                     u775:
  1557     0537  1C03               	skipc
  1558     0538  2D3A               	goto	u771
  1559     0539  2D3B               	goto	u770
  1560     053A                     u771:
  1561     053A  2D16               	goto	l1116
  1562     053B                     u770:
  1563     053B                     l638:
  1564                           
  1565                           ;C:\Program Files\Microchip\xc8\v3.10\pic\sources\c99\common\doprnt.c: 216:     if (!(fl
      +                          ags & (1 << 0))) {
  1566     053B  1683               	bsf	3,5	;RP0=1, select bank1
  1567     053C  1303               	bcf	3,6	;RP1=0, select bank1
  1568     053D  1824               	btfsc	_flags^(0+128),0
  1569     053E  2D40               	goto	u781
  1570     053F  2D41               	goto	u780
  1571     0540                     u781:
  1572     0540  2D4E               	goto	l640
  1573     0541                     u780:
  1574     0541                     l1122:
  1575                           
  1576                           ;C:\Program Files\Microchip\xc8\v3.10\pic\sources\c99\common\doprnt.c: 218:         fput
      +                          s((const char *)buf, fp);
  1577     0541  1283               	bcf	3,5	;RP0=0, select bank0
  1578     0542  1303               	bcf	3,6	;RP1=0, select bank0
  1579     0543  082A               	movf	pad@buf,w
  1580     0544  00A0               	movwf	fputs@s
  1581     0545  0828               	movf	pad@fp,w
  1582     0546  00A1               	movwf	fputs@fp
  1583     0547  0829               	movf	pad@fp+1,w
  1584     0548  00A2               	movwf	fputs@fp+1
  1585     0549  120A  118A  238A  120A  118A  	fcall	_fputs
  1586     054E                     l640:
  1587     054E  0008               	return
  1588     054F                     __end_of_pad:
  1589                           
  1590                           	psect	text6
  1591     038A                     __ptext6:	
  1592 ;; *************** function _fputs *****************
  1593 ;; Defined at:
  1594 ;;		line 8 in file "C:\Program Files\Microchip\xc8\v3.10\pic\sources\c99\common\nf_fputs.c"
  1595 ;; Parameters:    Size  Location     Type
  1596 ;;  s               1    0[BANK0 ] PTR const unsigned char 
  1597 ;;		 -> dbuf(32), 
  1598 ;;  fp              2    1[BANK0 ] PTR struct _IO_FILE
  1599 ;;		 -> sprintf@f(11), 
  1600 ;; Auto vars:     Size  Location     Type
  1601 ;;  i               2    6[BANK0 ] int 
  1602 ;;  c               1    5[BANK0 ] unsigned char 
  1603 ;; Return value:  Size  Location     Type
  1604 ;;                  2    0[BANK0 ] int 
  1605 ;; Registers used:
  1606 ;;		wreg, fsr0l, fsr0h, status,2, status,0, pclath, cstack
  1607 ;; Tracked objects:
  1608 ;;		On entry : 0/0
  1609 ;;		On exit  : 0/0
  1610 ;;		Unchanged: 0/0
  1611 ;; Data sizes:     COMMON   BANK0   BANK1   BANK3   BANK2
  1612 ;;      Params:         0       3       0       0       0
  1613 ;;      Locals:         0       3       0       0       0
  1614 ;;      Temps:          0       2       0       0       0
  1615 ;;      Totals:         0       8       0       0       0
  1616 ;;Total ram usage:        8 bytes
  1617 ;; Hardware stack levels used: 1
  1618 ;; Hardware stack levels required when called: 1
  1619 ;; This function calls:
  1620 ;;		_fputc
  1621 ;; This function is called by:
  1622 ;;		_pad
  1623 ;; This function uses a non-reentrant model
  1624 ;;
  1625                           
  1626     038A                     _fputs:	
  1627                           ;psect for function _fputs
  1628                           
  1629     038A                     l1038:	
  1630                           ;incstack = 0
  1631                           ; Regs used in _fputs: [wreg-fsr0h+status,2+status,0+pclath+cstack]
  1632                           
  1633     038A  1283               	bcf	3,5	;RP0=0, select bank0
  1634     038B  1303               	bcf	3,6	;RP1=0, select bank0
  1635     038C  01A6               	clrf	fputs@i
  1636     038D  01A7               	clrf	fputs@i+1
  1637     038E  2BA7               	goto	l1044
  1638     038F                     l1040:
  1639     038F  0825               	movf	fputs@c,w
  1640     0390  00A3               	movwf	??_fputs
  1641     0391  01A4               	clrf	??_fputs+1
  1642     0392  0823               	movf	??_fputs,w
  1643     0393  00F0               	movwf	fputc@c
  1644     0394  0824               	movf	??_fputs+1,w
  1645     0395  00F1               	movwf	fputc@c+1
  1646     0396  0821               	movf	fputs@fp,w
  1647     0397  00F2               	movwf	fputc@fp
  1648     0398  0822               	movf	fputs@fp+1,w
  1649     0399  00F3               	movwf	fputc@fp+1
  1650     039A  120A  118A  26BE  120A  118A  	fcall	_fputc
  1651     039F                     l1042:
  1652     039F  3001               	movlw	1
  1653     03A0  1283               	bcf	3,5	;RP0=0, select bank0
  1654     03A1  1303               	bcf	3,6	;RP1=0, select bank0
  1655     03A2  07A6               	addwf	fputs@i,f
  1656     03A3  1803               	skipnc
  1657     03A4  0AA7               	incf	fputs@i+1,f
  1658     03A5  3000               	movlw	0
  1659     03A6  07A7               	addwf	fputs@i+1,f
  1660     03A7                     l1044:
  1661     03A7  0826               	movf	fputs@i,w
  1662     03A8  0720               	addwf	fputs@s,w
  1663     03A9  00A3               	movwf	??_fputs
  1664     03AA  0823               	movf	??_fputs,w
  1665     03AB  0084               	movwf	4
  1666     03AC  1383               	bcf	3,7	;select IRP bank0
  1667     03AD  0800               	movf	0,w
  1668     03AE  00A5               	movwf	fputs@c
  1669     03AF  0825               	movf	fputs@c,w
  1670     03B0  1D03               	btfss	3,2
  1671     03B1  2BB3               	goto	u571
  1672     03B2  2BB4               	goto	u570
  1673     03B3                     u571:
  1674     03B3  2B8F               	goto	l1040
  1675     03B4                     u570:
  1676     03B4                     l693:
  1677     03B4  0008               	return
  1678     03B5                     __end_of_fputs:
  1679                           
  1680                           	psect	text7
  1681     06BE                     __ptext7:	
  1682 ;; *************** function _fputc *****************
  1683 ;; Defined at:
  1684 ;;		line 8 in file "C:\Program Files\Microchip\xc8\v3.10\pic\sources\c99\common\nf_fputc.c"
  1685 ;; Parameters:    Size  Location     Type
  1686 ;;  c               2    0[COMMON] int 
  1687 ;;  fp              2    2[COMMON] PTR struct _IO_FILE
  1688 ;;		 -> sprintf@f(11), 
  1689 ;; Auto vars:     Size  Location     Type
  1690 ;;		None
  1691 ;; Return value:  Size  Location     Type
  1692 ;;                  2    0[COMMON] int 
  1693 ;; Registers used:
  1694 ;;		wreg, fsr0l, fsr0h, status,2, status,0, pclath, cstack
  1695 ;; Tracked objects:
  1696 ;;		On entry : 0/0
  1697 ;;		On exit  : 0/0
  1698 ;;		Unchanged: 0/0
  1699 ;; Data sizes:     COMMON   BANK0   BANK1   BANK3   BANK2
  1700 ;;      Params:         4       0       0       0       0
  1701 ;;      Locals:         0       0       0       0       0
  1702 ;;      Temps:          9       0       0       0       0
  1703 ;;      Totals:        13       0       0       0       0
  1704 ;;Total ram usage:       13 bytes
  1705 ;; Hardware stack levels used: 1
  1706 ;; This function calls:
  1707 ;;		_putch
  1708 ;; This function is called by:
  1709 ;;		_pad
  1710 ;;		_vfpfcnvrt
  1711 ;;		_fputs
  1712 ;; This function uses a non-reentrant model
  1713 ;;
  1714                           
  1715     06BE                     _fputc:	
  1716                           ;psect for function _fputc
  1717                           
  1718     06BE                     l1024:	
  1719                           ;incstack = 0
  1720                           ; Regs used in _fputc: [wreg-fsr0h+status,2+status,0+pclath+cstack]
  1721                           
  1722     06BE  0872               	movf	fputc@fp,w
  1723     06BF  0473               	iorwf	fputc@fp+1,w
  1724     06C0  1903               	btfsc	3,2
  1725     06C1  2EC3               	goto	u521
  1726     06C2  2EC4               	goto	u520
  1727     06C3                     u521:
  1728     06C3  2ECA               	goto	l1028
  1729     06C4                     u520:
  1730     06C4                     l1026:
  1731     06C4  0872               	movf	fputc@fp,w
  1732     06C5  0473               	iorwf	fputc@fp+1,w
  1733     06C6  1D03               	btfss	3,2
  1734     06C7  2EC9               	goto	u531
  1735     06C8  2ECA               	goto	u530
  1736     06C9                     u531:
  1737     06C9  2ED1               	goto	l1030
  1738     06CA                     u530:
  1739     06CA                     l1028:
  1740     06CA  0870               	movf	fputc@c,w
  1741     06CB  120A  118A  229C  120A  118A  	fcall	_putch
  1742     06D0  2F57               	goto	l685
  1743     06D1                     l1030:
  1744     06D1  0872               	movf	fputc@fp,w
  1745     06D2  3E09               	addlw	9
  1746     06D3  00F4               	movwf	??_fputc
  1747     06D4  0873               	movf	fputc@fp+1,w
  1748     06D5  1803               	skipnc
  1749     06D6  3E01               	addlw	1
  1750     06D7  3E00               	addlw	0
  1751     06D8  00F5               	movwf	??_fputc+1
  1752     06D9  0874               	movf	??_fputc,w
  1753     06DA  0084               	movwf	4
  1754     06DB  1783               	bsf	3,7
  1755     06DC  1C75               	btfss	??_fputc+1,0
  1756     06DD  1383               	bcf	3,7
  1757     06DE  0800               	movf	0,w
  1758     06DF  00F6               	movwf	??_fputc+2
  1759     06E0  0A84               	incf	4,f
  1760     06E1  0800               	movf	0,w
  1761     06E2  00F7               	movwf	??_fputc+3
  1762     06E3  0876               	movf	??_fputc+2,w
  1763     06E4  0477               	iorwf	??_fputc+3,w
  1764     06E5  1903               	btfsc	3,2
  1765     06E6  2EE8               	goto	u541
  1766     06E7  2EE9               	goto	u540
  1767     06E8                     u541:
  1768     06E8  2F1B               	goto	l1034
  1769     06E9                     u540:
  1770     06E9                     l1032:
  1771     06E9  0872               	movf	fputc@fp,w
  1772     06EA  3E09               	addlw	9
  1773     06EB  00F4               	movwf	??_fputc
  1774     06EC  0873               	movf	fputc@fp+1,w
  1775     06ED  1803               	skipnc
  1776     06EE  3E01               	addlw	1
  1777     06EF  3E00               	addlw	0
  1778     06F0  00F5               	movwf	??_fputc+1
  1779     06F1  0874               	movf	??_fputc,w
  1780     06F2  0084               	movwf	4
  1781     06F3  1783               	bsf	3,7
  1782     06F4  1C75               	btfss	??_fputc+1,0
  1783     06F5  1383               	bcf	3,7
  1784     06F6  0800               	movf	0,w
  1785     06F7  00F6               	movwf	??_fputc+2
  1786     06F8  0A84               	incf	4,f
  1787     06F9  0800               	movf	0,w
  1788     06FA  00F7               	movwf	??_fputc+3
  1789     06FB  0872               	movf	fputc@fp,w
  1790     06FC  3E02               	addlw	2
  1791     06FD  00F8               	movwf	??_fputc+4
  1792     06FE  0873               	movf	fputc@fp+1,w
  1793     06FF  1803               	skipnc
  1794     0700  3E01               	addlw	1
  1795     0701  3E00               	addlw	0
  1796     0702  00F9               	movwf	??_fputc+5
  1797     0703  0878               	movf	??_fputc+4,w
  1798     0704  0084               	movwf	4
  1799     0705  1783               	bsf	3,7
  1800     0706  1C79               	btfss	??_fputc+5,0
  1801     0707  1383               	bcf	3,7
  1802     0708  0800               	movf	0,w
  1803     0709  00FA               	movwf	??_fputc+6
  1804     070A  0A84               	incf	4,f
  1805     070B  0800               	movf	0,w
  1806     070C  00FB               	movwf	??_fputc+7
  1807     070D  087B               	movf	??_fputc+7,w
  1808     070E  3A80               	xorlw	128
  1809     070F  00FC               	movwf	??_fputc+8
  1810     0710  0877               	movf	??_fputc+3,w
  1811     0711  3A80               	xorlw	128
  1812     0712  027C               	subwf	??_fputc+8,w
  1813     0713  1D03               	skipz
  1814     0714  2F17               	goto	u555
  1815     0715  0876               	movf	??_fputc+2,w
  1816     0716  027A               	subwf	??_fputc+6,w
  1817     0717                     u555:
  1818     0717  1803               	skipnc
  1819     0718  2F1A               	goto	u551
  1820     0719  2F1B               	goto	u550
  1821     071A                     u551:
  1822     071A  2F57               	goto	l685
  1823     071B                     u550:
  1824     071B                     l1034:
  1825     071B  0872               	movf	fputc@fp,w
  1826     071C  0084               	movwf	4
  1827     071D  1783               	bsf	3,7
  1828     071E  1C73               	btfss	fputc@fp+1,0
  1829     071F  1383               	bcf	3,7
  1830     0720  0800               	movf	0,w
  1831     0721  00F4               	movwf	??_fputc
  1832     0722  0A84               	incf	4,f
  1833     0723  0800               	movf	0,w
  1834     0724  00F5               	movwf	??_fputc+1
  1835     0725  0872               	movf	fputc@fp,w
  1836     0726  3E02               	addlw	2
  1837     0727  00F6               	movwf	??_fputc+2
  1838     0728  0873               	movf	fputc@fp+1,w
  1839     0729  1803               	skipnc
  1840     072A  3E01               	addlw	1
  1841     072B  3E00               	addlw	0
  1842     072C  00F7               	movwf	??_fputc+3
  1843     072D  0876               	movf	??_fputc+2,w
  1844     072E  0084               	movwf	4
  1845     072F  1783               	bsf	3,7
  1846     0730  1C77               	btfss	??_fputc+3,0
  1847     0731  1383               	bcf	3,7
  1848     0732  0800               	movf	0,w
  1849     0733  0774               	addwf	??_fputc,w
  1850     0734  00F9               	movwf	??_fputc+5
  1851     0735  0875               	movf	??_fputc+1,w
  1852     0736  00F8               	movwf	??_fputc+4
  1853     0737  1803               	skipnc
  1854     0738  0AF8               	incf	??_fputc+4,f
  1855     0739  1F80               	btfss	0,7
  1856     073A  2F3C               	goto	u560
  1857     073B  03F8               	decf	??_fputc+4,f
  1858     073C                     u560:
  1859     073C  0878               	movf	??_fputc+4,w
  1860     073D  00FA               	movwf	??_fputc+6
  1861     073E  0879               	movf	??_fputc+5,w
  1862     073F  0084               	movwf	4
  1863     0740  1783               	bsf	3,7
  1864     0741  1C7A               	btfss	??_fputc+6,0
  1865     0742  1383               	bcf	3,7
  1866     0743  0870               	movf	fputc@c,w
  1867     0744  0080               	movwf	0
  1868     0745  0872               	movf	fputc@fp,w
  1869     0746  3E02               	addlw	2
  1870     0747  00F4               	movwf	??_fputc
  1871     0748  0873               	movf	fputc@fp+1,w
  1872     0749  1803               	skipnc
  1873     074A  3E01               	addlw	1
  1874     074B  3E00               	addlw	0
  1875     074C  00F5               	movwf	??_fputc+1
  1876     074D  0874               	movf	??_fputc,w
  1877     074E  0084               	movwf	4
  1878     074F  1783               	bsf	3,7
  1879     0750  1C75               	btfss	??_fputc+1,0
  1880     0751  1383               	bcf	3,7
  1881     0752  3001               	movlw	1
  1882     0753  0780               	addwf	0,f
  1883     0754  0A84               	incf	4,f
  1884     0755  1803               	skipnc
  1885     0756  0A80               	incf	0,f
  1886     0757                     l685:
  1887     0757  0008               	return
  1888     0758                     __end_of_fputc:
  1889                           
  1890                           	psect	text8
  1891     029C                     __ptext8:	
  1892 ;; *************** function _putch *****************
  1893 ;; Defined at:
  1894 ;;		line 7 in file "C:\Program Files\Microchip\xc8\v3.10\pic\sources\c99\common\putch.c"
  1895 ;; Parameters:    Size  Location     Type
  1896 ;;  c               1    wreg     unsigned char 
  1897 ;; Auto vars:     Size  Location     Type
  1898 ;;  c               1    0[COMMON] unsigned char 
  1899 ;; Return value:  Size  Location     Type
  1900 ;;                  1    wreg      void 
  1901 ;; Registers used:
  1902 ;;		wreg
  1903 ;; Tracked objects:
  1904 ;;		On entry : 0/0
  1905 ;;		On exit  : 0/0
  1906 ;;		Unchanged: 0/0
  1907 ;; Data sizes:     COMMON   BANK0   BANK1   BANK3   BANK2
  1908 ;;      Params:         0       0       0       0       0
  1909 ;;      Locals:         0       0       0       0       0
  1910 ;;      Temps:          0       0       0       0       0
  1911 ;;      Totals:         0       0       0       0       0
  1912 ;;Total ram usage:        0 bytes
  1913 ;; Hardware stack levels used: 1
  1914 ;; This function calls:
  1915 ;;		Nothing
  1916 ;; This function is called by:
  1917 ;;		_fputc
  1918 ;; This function uses a non-reentrant model
  1919 ;;
  1920                           
  1921     029C                     _putch:	
  1922                           ;psect for function _putch
  1923                           
  1924     029C                     l696:	
  1925                           ;incstack = 0
  1926                           ; Regs used in _putch: [wreg]
  1927                           
  1928     029C  0008               	return
  1929     029D                     __end_of_putch:
  1930                           
  1931                           	psect	text9
  1932     03E5                     __ptext9:	
  1933 ;; *************** function ___lwmod *****************
  1934 ;; Defined at:
  1935 ;;		line 5 in file "C:\Program Files\Microchip\xc8\v3.10\pic\sources\c99\common\lwmod.c"
  1936 ;; Parameters:    Size  Location     Type
  1937 ;;  divisor         2    0[COMMON] unsigned int 
  1938 ;;  dividend        2    2[COMMON] unsigned int 
  1939 ;; Auto vars:     Size  Location     Type
  1940 ;;  counter         1    4[COMMON] unsigned char 
  1941 ;; Return value:  Size  Location     Type
  1942 ;;                  2    0[COMMON] unsigned int 
  1943 ;; Registers used:
  1944 ;;		wreg, status,2, status,0
  1945 ;; Tracked objects:
  1946 ;;		On entry : 0/0
  1947 ;;		On exit  : 0/0
  1948 ;;		Unchanged: 0/0
  1949 ;; Data sizes:     COMMON   BANK0   BANK1   BANK3   BANK2
  1950 ;;      Params:         4       0       0       0       0
  1951 ;;      Locals:         1       0       0       0       0
  1952 ;;      Temps:          0       0       0       0       0
  1953 ;;      Totals:         5       0       0       0       0
  1954 ;;Total ram usage:        5 bytes
  1955 ;; Hardware stack levels used: 1
  1956 ;; This function calls:
  1957 ;;		Nothing
  1958 ;; This function is called by:
  1959 ;;		_utoa
  1960 ;; This function uses a non-reentrant model
  1961 ;;
  1962                           
  1963     03E5                     ___lwmod:	
  1964                           ;psect for function ___lwmod
  1965                           
  1966     03E5                     l1086:	
  1967                           ;incstack = 0
  1968                           ; Regs used in ___lwmod: [wreg+status,2+status,0]
  1969                           
  1970     03E5  0870               	movf	___lwmod@divisor,w
  1971     03E6  0471               	iorwf	___lwmod@divisor+1,w
  1972     03E7  1903               	btfsc	3,2
  1973     03E8  2BEA               	goto	u691
  1974     03E9  2BEB               	goto	u690
  1975     03EA                     u691:
  1976     03EA  2C18               	goto	l1104
  1977     03EB                     u690:
  1978     03EB                     l1088:
  1979     03EB  3001               	movlw	1
  1980     03EC  00F4               	movwf	___lwmod@counter
  1981     03ED  2BF7               	goto	l1094
  1982     03EE                     l1090:
  1983     03EE  3001               	movlw	1
  1984     03EF                     u705:
  1985     03EF  1003               	clrc
  1986     03F0  0DF0               	rlf	___lwmod@divisor,f
  1987     03F1  0DF1               	rlf	___lwmod@divisor+1,f
  1988     03F2  3EFF               	addlw	-1
  1989     03F3  1D03               	skipz
  1990     03F4  2BEF               	goto	u705
  1991     03F5                     l1092:
  1992     03F5  3001               	movlw	1
  1993     03F6  07F4               	addwf	___lwmod@counter,f
  1994     03F7                     l1094:
  1995     03F7  1FF1               	btfss	___lwmod@divisor+1,7
  1996     03F8  2BFA               	goto	u711
  1997     03F9  2BFB               	goto	u710
  1998     03FA                     u711:
  1999     03FA  2BEE               	goto	l1090
  2000     03FB                     u710:
  2001     03FB                     l1096:
  2002     03FB  0871               	movf	___lwmod@divisor+1,w
  2003     03FC  0273               	subwf	___lwmod@dividend+1,w
  2004     03FD  1D03               	skipz
  2005     03FE  2C01               	goto	u725
  2006     03FF  0870               	movf	___lwmod@divisor,w
  2007     0400  0272               	subwf	___lwmod@dividend,w
  2008     0401                     u725:
  2009     0401  1C03               	skipc
  2010     0402  2C04               	goto	u721
  2011     0403  2C05               	goto	u720
  2012     0404                     u721:
  2013     0404  2C0B               	goto	l1100
  2014     0405                     u720:
  2015     0405                     l1098:
  2016     0405  0870               	movf	___lwmod@divisor,w
  2017     0406  02F2               	subwf	___lwmod@dividend,f
  2018     0407  0871               	movf	___lwmod@divisor+1,w
  2019     0408  1C03               	skipc
  2020     0409  03F3               	decf	___lwmod@dividend+1,f
  2021     040A  02F3               	subwf	___lwmod@dividend+1,f
  2022     040B                     l1100:
  2023     040B  3001               	movlw	1
  2024     040C                     u735:
  2025     040C  1003               	clrc
  2026     040D  0CF1               	rrf	___lwmod@divisor+1,f
  2027     040E  0CF0               	rrf	___lwmod@divisor,f
  2028     040F  3EFF               	addlw	-1
  2029     0410  1D03               	skipz
  2030     0411  2C0C               	goto	u735
  2031     0412                     l1102:
  2032     0412  3001               	movlw	1
  2033     0413  02F4               	subwf	___lwmod@counter,f
  2034     0414  1D03               	btfss	3,2
  2035     0415  2C17               	goto	u741
  2036     0416  2C18               	goto	u740
  2037     0417                     u741:
  2038     0417  2BFB               	goto	l1096
  2039     0418                     u740:
  2040     0418                     l1104:
  2041     0418  0873               	movf	___lwmod@dividend+1,w
  2042     0419  00F1               	movwf	?___lwmod+1
  2043     041A  0872               	movf	___lwmod@dividend,w
  2044     041B  00F0               	movwf	?___lwmod
  2045     041C                     l444:
  2046     041C  0008               	return
  2047     041D                     __end_of___lwmod:
  2048                           
  2049                           	psect	text10
  2050     041D                     __ptext10:	
  2051 ;; *************** function ___lwdiv *****************
  2052 ;; Defined at:
  2053 ;;		line 5 in file "C:\Program Files\Microchip\xc8\v3.10\pic\sources\c99\common\lwdiv.c"
  2054 ;; Parameters:    Size  Location     Type
  2055 ;;  divisor         2    0[COMMON] unsigned int 
  2056 ;;  dividend        2    2[COMMON] unsigned int 
  2057 ;; Auto vars:     Size  Location     Type
  2058 ;;  quotient        2    4[COMMON] unsigned int 
  2059 ;;  counter         1    6[COMMON] unsigned char 
  2060 ;; Return value:  Size  Location     Type
  2061 ;;                  2    0[COMMON] unsigned int 
  2062 ;; Registers used:
  2063 ;;		wreg, status,2, status,0
  2064 ;; Tracked objects:
  2065 ;;		On entry : 0/0
  2066 ;;		On exit  : 0/0
  2067 ;;		Unchanged: 0/0
  2068 ;; Data sizes:     COMMON   BANK0   BANK1   BANK3   BANK2
  2069 ;;      Params:         4       0       0       0       0
  2070 ;;      Locals:         3       0       0       0       0
  2071 ;;      Temps:          0       0       0       0       0
  2072 ;;      Totals:         7       0       0       0       0
  2073 ;;Total ram usage:        7 bytes
  2074 ;; Hardware stack levels used: 1
  2075 ;; This function calls:
  2076 ;;		Nothing
  2077 ;; This function is called by:
  2078 ;;		_utoa
  2079 ;; This function uses a non-reentrant model
  2080 ;;
  2081                           
  2082     041D                     ___lwdiv:	
  2083                           ;psect for function ___lwdiv
  2084                           
  2085     041D                     l1060:	
  2086                           ;incstack = 0
  2087                           ; Regs used in ___lwdiv: [wreg+status,2+status,0]
  2088                           
  2089     041D  01F4               	clrf	___lwdiv@quotient
  2090     041E  01F5               	clrf	___lwdiv@quotient+1
  2091     041F                     l1062:
  2092     041F  0870               	movf	___lwdiv@divisor,w
  2093     0420  0471               	iorwf	___lwdiv@divisor+1,w
  2094     0421  1903               	btfsc	3,2
  2095     0422  2C24               	goto	u621
  2096     0423  2C25               	goto	u620
  2097     0424                     u621:
  2098     0424  2C5A               	goto	l1082
  2099     0425                     u620:
  2100     0425                     l1064:
  2101     0425  3001               	movlw	1
  2102     0426  00F6               	movwf	___lwdiv@counter
  2103     0427  2C31               	goto	l1070
  2104     0428                     l1066:
  2105     0428  3001               	movlw	1
  2106     0429                     u635:
  2107     0429  1003               	clrc
  2108     042A  0DF0               	rlf	___lwdiv@divisor,f
  2109     042B  0DF1               	rlf	___lwdiv@divisor+1,f
  2110     042C  3EFF               	addlw	-1
  2111     042D  1D03               	skipz
  2112     042E  2C29               	goto	u635
  2113     042F                     l1068:
  2114     042F  3001               	movlw	1
  2115     0430  07F6               	addwf	___lwdiv@counter,f
  2116     0431                     l1070:
  2117     0431  1FF1               	btfss	___lwdiv@divisor+1,7
  2118     0432  2C34               	goto	u641
  2119     0433  2C35               	goto	u640
  2120     0434                     u641:
  2121     0434  2C28               	goto	l1066
  2122     0435                     u640:
  2123     0435                     l1072:
  2124     0435  3001               	movlw	1
  2125     0436                     u655:
  2126     0436  1003               	clrc
  2127     0437  0DF4               	rlf	___lwdiv@quotient,f
  2128     0438  0DF5               	rlf	___lwdiv@quotient+1,f
  2129     0439  3EFF               	addlw	-1
  2130     043A  1D03               	skipz
  2131     043B  2C36               	goto	u655
  2132     043C  0871               	movf	___lwdiv@divisor+1,w
  2133     043D  0273               	subwf	___lwdiv@dividend+1,w
  2134     043E  1D03               	skipz
  2135     043F  2C42               	goto	u665
  2136     0440  0870               	movf	___lwdiv@divisor,w
  2137     0441  0272               	subwf	___lwdiv@dividend,w
  2138     0442                     u665:
  2139     0442  1C03               	skipc
  2140     0443  2C45               	goto	u661
  2141     0444  2C46               	goto	u660
  2142     0445                     u661:
  2143     0445  2C4D               	goto	l1078
  2144     0446                     u660:
  2145     0446                     l1074:
  2146     0446  0870               	movf	___lwdiv@divisor,w
  2147     0447  02F2               	subwf	___lwdiv@dividend,f
  2148     0448  0871               	movf	___lwdiv@divisor+1,w
  2149     0449  1C03               	skipc
  2150     044A  03F3               	decf	___lwdiv@dividend+1,f
  2151     044B  02F3               	subwf	___lwdiv@dividend+1,f
  2152     044C                     l1076:
  2153     044C  1474               	bsf	___lwdiv@quotient,0
  2154     044D                     l1078:
  2155     044D  3001               	movlw	1
  2156     044E                     u675:
  2157     044E  1003               	clrc
  2158     044F  0CF1               	rrf	___lwdiv@divisor+1,f
  2159     0450  0CF0               	rrf	___lwdiv@divisor,f
  2160     0451  3EFF               	addlw	-1
  2161     0452  1D03               	skipz
  2162     0453  2C4E               	goto	u675
  2163     0454                     l1080:
  2164     0454  3001               	movlw	1
  2165     0455  02F6               	subwf	___lwdiv@counter,f
  2166     0456  1D03               	btfss	3,2
  2167     0457  2C59               	goto	u681
  2168     0458  2C5A               	goto	u680
  2169     0459                     u681:
  2170     0459  2C35               	goto	l1072
  2171     045A                     u680:
  2172     045A                     l1082:
  2173     045A  0875               	movf	___lwdiv@quotient+1,w
  2174     045B  00F1               	movwf	?___lwdiv+1
  2175     045C  0874               	movf	___lwdiv@quotient,w
  2176     045D  00F0               	movwf	?___lwdiv
  2177     045E                     l434:
  2178     045E  0008               	return
  2179     045F                     __end_of___lwdiv:
  2180                           
  2181                           	psect	text11
  2182     04A5                     __ptext11:	
  2183 ;; *************** function _read_prec_or_width *****************
  2184 ;; Defined at:
  2185 ;;		line 1158 in file "C:\Program Files\Microchip\xc8\v3.10\pic\sources\c99\common\doprnt.c"
  2186 ;; Parameters:    Size  Location     Type
  2187 ;;  fmt             1    6[COMMON] PTR PTR const unsigned c
  2188 ;;		 -> vfprintf@cfmt(1), 
  2189 ;;  ap              1    7[COMMON] PTR PTR void [1]
  2190 ;;		 -> sprintf@ap(1), 
  2191 ;; Auto vars:     Size  Location     Type
  2192 ;;  c               1    9[COMMON] unsigned char 
  2193 ;;  n               2   10[COMMON] int 
  2194 ;; Return value:  Size  Location     Type
  2195 ;;                  2    6[COMMON] int 
  2196 ;; Registers used:
  2197 ;;		wreg, fsr0l, fsr0h, status,2, status,0, pclath, cstack
  2198 ;; Tracked objects:
  2199 ;;		On entry : 0/0
  2200 ;;		On exit  : 0/0
  2201 ;;		Unchanged: 0/0
  2202 ;; Data sizes:     COMMON   BANK0   BANK1   BANK3   BANK2
  2203 ;;      Params:         2       0       0       0       0
  2204 ;;      Locals:         3       0       0       0       0
  2205 ;;      Temps:          1       0       0       0       0
  2206 ;;      Totals:         6       0       0       0       0
  2207 ;;Total ram usage:        6 bytes
  2208 ;; Hardware stack levels used: 1
  2209 ;; Hardware stack levels required when called: 1
  2210 ;; This function calls:
  2211 ;;		___wmul
  2212 ;; This function is called by:
  2213 ;;		_vfpfcnvrt
  2214 ;; This function uses a non-reentrant model
  2215 ;;
  2216                           
  2217     04A5                     _read_prec_or_width:	
  2218                           ;psect for function _read_prec_or_width
  2219                           
  2220     04A5                     l1150:	
  2221                           ;incstack = 0
  2222                           ; Regs used in _read_prec_or_width: [wreg-fsr0h+status,2+status,0+pclath+cstack]
  2223                           
  2224                           
  2225                           ;C:\Program Files\Microchip\xc8\v3.10\pic\sources\c99\common\doprnt.c: 1159:     int n =
      +                           0;
  2226     04A5  01FA               	clrf	read_prec_or_width@n
  2227     04A6  01FB               	clrf	read_prec_or_width@n+1
  2228     04A7                     l1152:
  2229                           
  2230                           ;C:\Program Files\Microchip\xc8\v3.10\pic\sources\c99\common\doprnt.c: 1160:     if ((*f
      +                          mt)[0] == '*') {
  2231     04A7  0876               	movf	read_prec_or_width@fmt,w
  2232     04A8  0084               	movwf	4
  2233     04A9  1383               	bcf	3,7	;select IRP bank0
  2234     04AA  0800               	movf	0,w
  2235     04AB  0084               	movwf	4
  2236     04AC  120A  118A  2003  120A  118A  	fcall	stringdir
  2237     04B1  3A2A               	xorlw	42
  2238     04B2  1D03               	skipz
  2239     04B3  2CB5               	goto	u821
  2240     04B4  2CB6               	goto	u820
  2241     04B5                     u821:
  2242     04B5  2CE2               	goto	l1160
  2243     04B6                     u820:
  2244     04B6                     l1154:
  2245                           
  2246                           ;C:\Program Files\Microchip\xc8\v3.10\pic\sources\c99\common\doprnt.c: 1161:         ++*
      +                          fmt;
  2247     04B6  0876               	movf	read_prec_or_width@fmt,w
  2248     04B7  0084               	movwf	4
  2249     04B8  3001               	movlw	1
  2250     04B9  0780               	addwf	0,f
  2251                           
  2252                           ;C:\Program Files\Microchip\xc8\v3.10\pic\sources\c99\common\doprnt.c: 1162:         n =
      +                           (*(int *)__va_arg(*(int **)*ap, (int)0));
  2253     04BA  0877               	movf	read_prec_or_width@ap,w
  2254     04BB  0084               	movwf	4
  2255     04BC  0800               	movf	0,w
  2256     04BD  00F8               	movwf	??_read_prec_or_width
  2257     04BE  3002               	movlw	2
  2258     04BF  0780               	addwf	0,f
  2259     04C0  0878               	movf	??_read_prec_or_width,w
  2260     04C1  0084               	movwf	4
  2261     04C2  0800               	movf	0,w
  2262     04C3  00FA               	movwf	read_prec_or_width@n
  2263     04C4  0A84               	incf	4,f
  2264     04C5  0800               	movf	0,w
  2265     04C6  00FB               	movwf	read_prec_or_width@n+1
  2266                           
  2267                           ;C:\Program Files\Microchip\xc8\v3.10\pic\sources\c99\common\doprnt.c: 1163:     } else 
      +                          {
  2268     04C7  2CF3               	goto	l1162
  2269     04C8                     l1156:
  2270                           
  2271                           ;C:\Program Files\Microchip\xc8\v3.10\pic\sources\c99\common\doprnt.c: 1166:            
      +                           n = n * 10 + c;
  2272     04C8  087B               	movf	read_prec_or_width@n+1,w
  2273     04C9  00F1               	movwf	___wmul@multiplier+1
  2274     04CA  087A               	movf	read_prec_or_width@n,w
  2275     04CB  00F0               	movwf	___wmul@multiplier
  2276     04CC  300A               	movlw	10
  2277     04CD  00F2               	movwf	___wmul@multiplicand
  2278     04CE  3000               	movlw	0
  2279     04CF  00F3               	movwf	___wmul@multiplicand+1
  2280     04D0  120A  118A  2365  120A  118A  	fcall	___wmul
  2281     04D5  0879               	movf	read_prec_or_width@c,w
  2282     04D6  0770               	addwf	?___wmul,w
  2283     04D7  00FA               	movwf	read_prec_or_width@n
  2284     04D8  3000               	movlw	0
  2285     04D9  1803               	skipnc
  2286     04DA  3001               	movlw	1
  2287     04DB  0771               	addwf	?___wmul+1,w
  2288     04DC  00FB               	movwf	read_prec_or_width@n+1
  2289     04DD                     l1158:
  2290                           
  2291                           ;C:\Program Files\Microchip\xc8\v3.10\pic\sources\c99\common\doprnt.c: 1167:            
      +                           ++*fmt;
  2292     04DD  0876               	movf	read_prec_or_width@fmt,w
  2293     04DE  0084               	movwf	4
  2294     04DF  3001               	movlw	1
  2295     04E0  1383               	bcf	3,7	;select IRP bank0
  2296     04E1  0780               	addwf	0,f
  2297     04E2                     l1160:
  2298                           
  2299                           ;C:\Program Files\Microchip\xc8\v3.10\pic\sources\c99\common\doprnt.c: 1165:         whi
      +                          le ((c = ((unsigned)(*fmt)[0]) - '0') < 10) {
  2300     04E2  0876               	movf	read_prec_or_width@fmt,w
  2301     04E3  0084               	movwf	4
  2302     04E4  0800               	movf	0,w
  2303     04E5  0084               	movwf	4
  2304     04E6  120A  118A  2003  120A  118A  	fcall	stringdir
  2305     04EB  3ED0               	addlw	208
  2306     04EC  00F9               	movwf	read_prec_or_width@c
  2307     04ED  300A               	movlw	10
  2308     04EE  0279               	subwf	read_prec_or_width@c,w
  2309     04EF  1C03               	skipc
  2310     04F0  2CF2               	goto	u831
  2311     04F1  2CF3               	goto	u830
  2312     04F2                     u831:
  2313     04F2  2CC8               	goto	l1156
  2314     04F3                     u830:
  2315     04F3                     l1162:
  2316                           
  2317                           ;C:\Program Files\Microchip\xc8\v3.10\pic\sources\c99\common\doprnt.c: 1170:     return 
      +                          n;
  2318     04F3  087B               	movf	read_prec_or_width@n+1,w
  2319     04F4  00F7               	movwf	?_read_prec_or_width+1
  2320     04F5  087A               	movf	read_prec_or_width@n,w
  2321     04F6  00F6               	movwf	?_read_prec_or_width
  2322     04F7                     l656:
  2323     04F7  0008               	return
  2324     04F8                     __end_of_read_prec_or_width:
  2325                           
  2326                           	psect	text12
  2327     0365                     __ptext12:	
  2328 ;; *************** function ___wmul *****************
  2329 ;; Defined at:
  2330 ;;		line 15 in file "C:\Program Files\Microchip\xc8\v3.10\pic\sources\c99\common\Umul16.c"
  2331 ;; Parameters:    Size  Location     Type
  2332 ;;  multiplier      2    0[COMMON] unsigned int 
  2333 ;;  multiplicand    2    2[COMMON] unsigned int 
  2334 ;; Auto vars:     Size  Location     Type
  2335 ;;  product         2    4[COMMON] unsigned int 
  2336 ;; Return value:  Size  Location     Type
  2337 ;;                  2    0[COMMON] unsigned int 
  2338 ;; Registers used:
  2339 ;;		wreg, status,2, status,0
  2340 ;; Tracked objects:
  2341 ;;		On entry : 0/0
  2342 ;;		On exit  : 0/0
  2343 ;;		Unchanged: 0/0
  2344 ;; Data sizes:     COMMON   BANK0   BANK1   BANK3   BANK2
  2345 ;;      Params:         4       0       0       0       0
  2346 ;;      Locals:         2       0       0       0       0
  2347 ;;      Temps:          0       0       0       0       0
  2348 ;;      Totals:         6       0       0       0       0
  2349 ;;Total ram usage:        6 bytes
  2350 ;; Hardware stack levels used: 1
  2351 ;; This function calls:
  2352 ;;		Nothing
  2353 ;; This function is called by:
  2354 ;;		_read_prec_or_width
  2355 ;; This function uses a non-reentrant model
  2356 ;;
  2357                           
  2358     0365                     ___wmul:	
  2359                           ;psect for function ___wmul
  2360                           
  2361     0365                     l1046:	
  2362                           ;incstack = 0
  2363                           ; Regs used in ___wmul: [wreg+status,2+status,0]
  2364                           
  2365     0365  01F4               	clrf	___wmul@product
  2366     0366  01F5               	clrf	___wmul@product+1
  2367     0367                     l1048:
  2368     0367  1C70               	btfss	___wmul@multiplier,0
  2369     0368  2B6A               	goto	u581
  2370     0369  2B6B               	goto	u580
  2371     036A                     u581:
  2372     036A  2B71               	goto	l154
  2373     036B                     u580:
  2374     036B                     l1050:
  2375     036B  0872               	movf	___wmul@multiplicand,w
  2376     036C  07F4               	addwf	___wmul@product,f
  2377     036D  1803               	skipnc
  2378     036E  0AF5               	incf	___wmul@product+1,f
  2379     036F  0873               	movf	___wmul@multiplicand+1,w
  2380     0370  07F5               	addwf	___wmul@product+1,f
  2381     0371                     l154:
  2382     0371  3001               	movlw	1
  2383     0372                     u595:
  2384     0372  1003               	clrc
  2385     0373  0DF2               	rlf	___wmul@multiplicand,f
  2386     0374  0DF3               	rlf	___wmul@multiplicand+1,f
  2387     0375  3EFF               	addlw	-1
  2388     0376  1D03               	skipz
  2389     0377  2B72               	goto	u595
  2390     0378                     l1052:
  2391     0378  3001               	movlw	1
  2392     0379                     u605:
  2393     0379  1003               	clrc
  2394     037A  0CF1               	rrf	___wmul@multiplier+1,f
  2395     037B  0CF0               	rrf	___wmul@multiplier,f
  2396     037C  3EFF               	addlw	-1
  2397     037D  1D03               	skipz
  2398     037E  2B79               	goto	u605
  2399     037F                     l1054:
  2400     037F  0870               	movf	___wmul@multiplier,w
  2401     0380  0471               	iorwf	___wmul@multiplier+1,w
  2402     0381  1D03               	btfss	3,2
  2403     0382  2B84               	goto	u611
  2404     0383  2B85               	goto	u610
  2405     0384                     u611:
  2406     0384  2B67               	goto	l1048
  2407     0385                     u610:
  2408     0385                     l1056:
  2409     0385  0875               	movf	___wmul@product+1,w
  2410     0386  00F1               	movwf	?___wmul+1
  2411     0387  0874               	movf	___wmul@product,w
  2412     0388  00F0               	movwf	?___wmul
  2413     0389                     l156:
  2414     0389  0008               	return
  2415     038A                     __end_of___wmul:
  2416                           
  2417                           	psect	text13
  2418     02F5                     __ptext13:	
  2419 ;; *************** function _lcd_string *****************
  2420 ;; Defined at:
  2421 ;;		line 96 in file "POTE.c"
  2422 ;; Parameters:    Size  Location     Type
  2423 ;;  str             1    3[COMMON] PTR const unsigned char 
  2424 ;;		 -> main@buffer(16), 
  2425 ;; Auto vars:     Size  Location     Type
  2426 ;;		None
  2427 ;; Return value:  Size  Location     Type
  2428 ;;                  1    wreg      void 
  2429 ;; Registers used:
  2430 ;;		wreg, fsr0l, fsr0h, status,2, status,0, pclath, cstack
  2431 ;; Tracked objects:
  2432 ;;		On entry : 0/0
  2433 ;;		On exit  : 0/0
  2434 ;;		Unchanged: 0/0
  2435 ;; Data sizes:     COMMON   BANK0   BANK1   BANK3   BANK2
  2436 ;;      Params:         1       0       0       0       0
  2437 ;;      Locals:         0       0       0       0       0
  2438 ;;      Temps:          0       0       0       0       0
  2439 ;;      Totals:         1       0       0       0       0
  2440 ;;Total ram usage:        1 bytes
  2441 ;; Hardware stack levels used: 1
  2442 ;; Hardware stack levels required when called: 1
  2443 ;; This function calls:
  2444 ;;		_lcd_write
  2445 ;; This function is called by:
  2446 ;;		_main
  2447 ;; This function uses a non-reentrant model
  2448 ;;
  2449                           
  2450     02F5                     _lcd_string:	
  2451                           ;psect for function _lcd_string
  2452                           
  2453     02F5                     l1270:	
  2454                           ;incstack = 0
  2455                           ; Regs used in _lcd_string: [wreg-fsr0h+status,2+status,0+pclath+cstack]
  2456                           
  2457                           
  2458                           ;POTE.c: 97: 
  2459     02F5  2B00               	goto	l1276
  2460     02F6                     l1272:
  2461                           
  2462                           ;POTE.c: 98: 
  2463     02F6  0873               	movf	lcd_string@str,w
  2464     02F7  0084               	movwf	4
  2465     02F8  0800               	movf	0,w
  2466     02F9  120A  118A  22E1  120A  118A  	fcall	_lcd_write
  2467     02FE                     l1274:
  2468     02FE  3001               	movlw	1
  2469     02FF  07F3               	addwf	lcd_string@str,f
  2470     0300                     l1276:
  2471                           
  2472                           ;POTE.c: 97: 
  2473     0300  0873               	movf	lcd_string@str,w
  2474     0301  0084               	movwf	4
  2475     0302  1383               	bcf	3,7	;select IRP bank0
  2476     0303  0800               	movf	0,w
  2477     0304  1D03               	btfss	3,2
  2478     0305  2B07               	goto	u901
  2479     0306  2B08               	goto	u900
  2480     0307                     u901:
  2481     0307  2AF6               	goto	l1272
  2482     0308                     u900:
  2483     0308                     l60:
  2484     0308  0008               	return
  2485     0309                     __end_of_lcd_string:
  2486                           
  2487                           	psect	text14
  2488     02E1                     __ptext14:	
  2489 ;; *************** function _lcd_write *****************
  2490 ;; Defined at:
  2491 ;;		line 64 in file "POTE.c"
  2492 ;; Parameters:    Size  Location     Type
  2493 ;;  data            1    wreg     unsigned char 
  2494 ;; Auto vars:     Size  Location     Type
  2495 ;;  data            1    2[COMMON] unsigned char 
  2496 ;; Return value:  Size  Location     Type
  2497 ;;                  1    wreg      void 
  2498 ;; Registers used:
  2499 ;;		wreg
  2500 ;; Tracked objects:
  2501 ;;		On entry : 0/0
  2502 ;;		On exit  : 0/0
  2503 ;;		Unchanged: 0/0
  2504 ;; Data sizes:     COMMON   BANK0   BANK1   BANK3   BANK2
  2505 ;;      Params:         0       0       0       0       0
  2506 ;;      Locals:         1       0       0       0       0
  2507 ;;      Temps:          2       0       0       0       0
  2508 ;;      Totals:         3       0       0       0       0
  2509 ;;Total ram usage:        3 bytes
  2510 ;; Hardware stack levels used: 1
  2511 ;; This function calls:
  2512 ;;		Nothing
  2513 ;; This function is called by:
  2514 ;;		_lcd_string
  2515 ;; This function uses a non-reentrant model
  2516 ;;
  2517                           
  2518     02E1                     _lcd_write:	
  2519                           ;psect for function _lcd_write
  2520                           
  2521                           
  2522                           ;incstack = 0
  2523                           ; Regs used in _lcd_write: [wreg]
  2524                           ;lcd_write@data stored from wreg
  2525     02E1  00F2               	movwf	lcd_write@data
  2526     02E2                     l1214:
  2527                           
  2528                           ;POTE.c: 65: }
  2529     02E2  1283               	bcf	3,5	;RP0=0, select bank0
  2530     02E3  1303               	bcf	3,6	;RP1=0, select bank0
  2531     02E4  1706               	bsf	6,6	;volatile
  2532     02E5                     l1216:
  2533                           
  2534                           ;POTE.c: 66: 
  2535     02E5  0872               	movf	lcd_write@data,w
  2536     02E6  0088               	movwf	8	;volatile
  2537     02E7                     l1218:
  2538                           
  2539                           ;POTE.c: 67: void lcd_set_cursor(unsigned char row, unsigned char col){
  2540     02E7  1786               	bsf	6,7	;volatile
  2541                           
  2542                           ;POTE.c: 68:     if(row == 1)
  2543     02E8  300D               	movlw	13
  2544     02E9  00F1               	movwf	??_lcd_write+1
  2545     02EA  30FB               	movlw	251
  2546     02EB  00F0               	movwf	??_lcd_write
  2547     02EC                     u1047:
  2548     02EC  0BF0               	decfsz	??_lcd_write,f
  2549     02ED  2AEC               	goto	u1047
  2550     02EE  0BF1               	decfsz	??_lcd_write+1,f
  2551     02EF  2AEC               	goto	u1047
  2552     02F0  2AF1               	nop2
  2553     02F1                     l1220:
  2554                           
  2555                           ;POTE.c: 69:         lcd_cmd(0x80 + (col - 1));
  2556     02F1  1283               	bcf	3,5	;RP0=0, select bank0
  2557     02F2  1303               	bcf	3,6	;RP1=0, select bank0
  2558     02F3  1386               	bcf	6,7	;volatile
  2559     02F4                     l43:
  2560     02F4  0008               	return
  2561     02F5                     __end_of_lcd_write:
  2562                           
  2563                           	psect	text15
  2564     0309                     __ptext15:	
  2565 ;; *************** function _lcd_set_cursor *****************
  2566 ;; Defined at:
  2567 ;;		line 89 in file "POTE.c"
  2568 ;; Parameters:    Size  Location     Type
  2569 ;;  row             1    wreg     unsigned char 
  2570 ;;  col             1    3[COMMON] unsigned char 
  2571 ;; Auto vars:     Size  Location     Type
  2572 ;;  row             1    4[COMMON] unsigned char 
  2573 ;; Return value:  Size  Location     Type
  2574 ;;                  1    wreg      void 
  2575 ;; Registers used:
  2576 ;;		wreg, status,2, status,0, pclath, cstack
  2577 ;; Tracked objects:
  2578 ;;		On entry : 0/0
  2579 ;;		On exit  : 0/0
  2580 ;;		Unchanged: 0/0
  2581 ;; Data sizes:     COMMON   BANK0   BANK1   BANK3   BANK2
  2582 ;;      Params:         1       0       0       0       0
  2583 ;;      Locals:         1       0       0       0       0
  2584 ;;      Temps:          0       0       0       0       0
  2585 ;;      Totals:         2       0       0       0       0
  2586 ;;Total ram usage:        2 bytes
  2587 ;; Hardware stack levels used: 1
  2588 ;; Hardware stack levels required when called: 1
  2589 ;; This function calls:
  2590 ;;		_lcd_cmd
  2591 ;; This function is called by:
  2592 ;;		_main
  2593 ;; This function uses a non-reentrant model
  2594 ;;
  2595                           
  2596     0309                     _lcd_set_cursor:	
  2597                           ;psect for function _lcd_set_cursor
  2598                           
  2599                           
  2600                           ;incstack = 0
  2601                           ; Regs used in _lcd_set_cursor: [wreg+status,2+status,0+pclath+cstack]
  2602                           ;lcd_set_cursor@row stored from wreg
  2603     0309  00F4               	movwf	lcd_set_cursor@row
  2604     030A                     l1264:
  2605                           
  2606                           ;POTE.c: 90:         raw = adc_read_an0();
  2607     030A  0374               	decf	lcd_set_cursor@row,w
  2608     030B  1D03               	btfss	3,2
  2609     030C  2B0E               	goto	u891
  2610     030D  2B0F               	goto	u890
  2611     030E                     u891:
  2612     030E  2B17               	goto	l1268
  2613     030F                     u890:
  2614     030F                     l1266:
  2615                           
  2616                           ;POTE.c: 91:         mv = ((unsigned long)raw * 5000) / 1023;
  2617     030F  0873               	movf	lcd_set_cursor@col,w
  2618     0310  3E7F               	addlw	127
  2619     0311  120A  118A  22CD  120A  118A  	fcall	_lcd_cmd
  2620     0316  2B1E               	goto	l54
  2621     0317                     l1268:
  2622                           
  2623                           ;POTE.c: 93: 
  2624     0317  0873               	movf	lcd_set_cursor@col,w
  2625     0318  3EBF               	addlw	191
  2626     0319  120A  118A  22CD  120A  118A  	fcall	_lcd_cmd
  2627     031E                     l54:
  2628     031E  0008               	return
  2629     031F                     __end_of_lcd_set_cursor:
  2630                           
  2631                           	psect	text16
  2632     03B5                     __ptext16:	
  2633 ;; *************** function _lcd_init *****************
  2634 ;; Defined at:
  2635 ;;		line 72 in file "POTE.c"
  2636 ;; Parameters:    Size  Location     Type
  2637 ;;		None
  2638 ;; Auto vars:     Size  Location     Type
  2639 ;;		None
  2640 ;; Return value:  Size  Location     Type
  2641 ;;                  1    wreg      void 
  2642 ;; Registers used:
  2643 ;;		wreg, status,2, status,0, pclath, cstack
  2644 ;; Tracked objects:
  2645 ;;		On entry : 0/0
  2646 ;;		On exit  : 0/0
  2647 ;;		Unchanged: 0/0
  2648 ;; Data sizes:     COMMON   BANK0   BANK1   BANK3   BANK2
  2649 ;;      Params:         0       0       0       0       0
  2650 ;;      Locals:         0       0       0       0       0
  2651 ;;      Temps:          2       0       0       0       0
  2652 ;;      Totals:         2       0       0       0       0
  2653 ;;Total ram usage:        2 bytes
  2654 ;; Hardware stack levels used: 1
  2655 ;; Hardware stack levels required when called: 1
  2656 ;; This function calls:
  2657 ;;		_lcd_cmd
  2658 ;; This function is called by:
  2659 ;;		_main
  2660 ;; This function uses a non-reentrant model
  2661 ;;
  2662                           
  2663     03B5                     _lcd_init:	
  2664                           ;psect for function _lcd_init
  2665                           
  2666     03B5                     l1244:	
  2667                           ;incstack = 0
  2668                           ; Regs used in _lcd_init: [wreg+status,2+status,0+pclath+cstack]
  2669                           
  2670                           
  2671                           ;POTE.c: 73: 
  2672     03B5  1683               	bsf	3,5	;RP0=1, select bank1
  2673     03B6  1303               	bcf	3,6	;RP1=0, select bank1
  2674     03B7  0188               	clrf	8	;volatile
  2675     03B8                     l1246:
  2676                           
  2677                           ;POTE.c: 74: void lcd_string(const char *str){
  2678     03B8  1306               	bcf	6,6	;volatile
  2679     03B9                     l1248:
  2680                           
  2681                           ;POTE.c: 75:     while(*str){
  2682     03B9  1386               	bcf	6,7	;volatile
  2683     03BA                     l1250:
  2684                           
  2685                           ;POTE.c: 77:     }
  2686     03BA  3062               	movlw	98
  2687     03BB  00F4               	movwf	??_lcd_init+1
  2688     03BC  3065               	movlw	101
  2689     03BD  00F3               	movwf	??_lcd_init
  2690     03BE                     u1057:
  2691     03BE  0BF3               	decfsz	??_lcd_init,f
  2692     03BF  2BBE               	goto	u1057
  2693     03C0  0BF4               	decfsz	??_lcd_init+1,f
  2694     03C1  2BBE               	goto	u1057
  2695     03C2  2BC3               	nop2
  2696     03C3                     l1252:
  2697                           
  2698                           ;POTE.c: 78: }
  2699     03C3  3038               	movlw	56
  2700     03C4  120A  118A  22CD  120A  118A  	fcall	_lcd_cmd
  2701     03C9                     l1254:
  2702                           
  2703                           ;POTE.c: 79: 
  2704     03C9  300C               	movlw	12
  2705     03CA  120A  118A  22CD  120A  118A  	fcall	_lcd_cmd
  2706     03CF                     l1256:
  2707                           
  2708                           ;POTE.c: 80: 
  2709     03CF  3006               	movlw	6
  2710     03D0  120A  118A  22CD  120A  118A  	fcall	_lcd_cmd
  2711     03D5                     l1258:
  2712                           
  2713                           ;POTE.c: 81: void main(void){
  2714     03D5  3001               	movlw	1
  2715     03D6  120A  118A  22CD  120A  118A  	fcall	_lcd_cmd
  2716     03DB                     l1260:
  2717                           
  2718                           ;POTE.c: 82:     unsigned int raw, mv;
  2719     03DB  300D               	movlw	13
  2720     03DC  00F4               	movwf	??_lcd_init+1
  2721     03DD  30FB               	movlw	251
  2722     03DE  00F3               	movwf	??_lcd_init
  2723     03DF                     u1067:
  2724     03DF  0BF3               	decfsz	??_lcd_init,f
  2725     03E0  2BDF               	goto	u1067
  2726     03E1  0BF4               	decfsz	??_lcd_init+1,f
  2727     03E2  2BDF               	goto	u1067
  2728     03E3  2BE4               	nop2
  2729     03E4                     l46:
  2730     03E4  0008               	return
  2731     03E5                     __end_of_lcd_init:
  2732                           
  2733                           	psect	text17
  2734     029D                     __ptext17:	
  2735 ;; *************** function _lcd_clear *****************
  2736 ;; Defined at:
  2737 ;;		line 85 in file "POTE.c"
  2738 ;; Parameters:    Size  Location     Type
  2739 ;;		None
  2740 ;; Auto vars:     Size  Location     Type
  2741 ;;		None
  2742 ;; Return value:  Size  Location     Type
  2743 ;;                  1    wreg      void 
  2744 ;; Registers used:
  2745 ;;		wreg, status,2, status,0, pclath, cstack
  2746 ;; Tracked objects:
  2747 ;;		On entry : 0/0
  2748 ;;		On exit  : 0/0
  2749 ;;		Unchanged: 0/0
  2750 ;; Data sizes:     COMMON   BANK0   BANK1   BANK3   BANK2
  2751 ;;      Params:         0       0       0       0       0
  2752 ;;      Locals:         0       0       0       0       0
  2753 ;;      Temps:          0       0       0       0       0
  2754 ;;      Totals:         0       0       0       0       0
  2755 ;;Total ram usage:        0 bytes
  2756 ;; Hardware stack levels used: 1
  2757 ;; Hardware stack levels required when called: 1
  2758 ;; This function calls:
  2759 ;;		_lcd_cmd
  2760 ;; This function is called by:
  2761 ;;		_main
  2762 ;; This function uses a non-reentrant model
  2763 ;;
  2764                           
  2765     029D                     _lcd_clear:	
  2766                           ;psect for function _lcd_clear
  2767                           
  2768     029D                     l1262:	
  2769                           ;incstack = 0
  2770                           ; Regs used in _lcd_clear: [wreg+status,2+status,0+pclath+cstack]
  2771                           
  2772                           
  2773                           ;POTE.c: 86:     adc_init();
  2774     029D  3001               	movlw	1
  2775     029E  120A  118A  22CD  120A  118A  	fcall	_lcd_cmd
  2776     02A3                     l49:
  2777     02A3  0008               	return
  2778     02A4                     __end_of_lcd_clear:
  2779                           
  2780                           	psect	text18
  2781     02CD                     __ptext18:	
  2782 ;; *************** function _lcd_cmd *****************
  2783 ;; Defined at:
  2784 ;;		line 56 in file "POTE.c"
  2785 ;; Parameters:    Size  Location     Type
  2786 ;;  cmd             1    wreg     unsigned char 
  2787 ;; Auto vars:     Size  Location     Type
  2788 ;;  cmd             1    2[COMMON] unsigned char 
  2789 ;; Return value:  Size  Location     Type
  2790 ;;                  1    wreg      void 
  2791 ;; Registers used:
  2792 ;;		wreg
  2793 ;; Tracked objects:
  2794 ;;		On entry : 0/0
  2795 ;;		On exit  : 0/0
  2796 ;;		Unchanged: 0/0
  2797 ;; Data sizes:     COMMON   BANK0   BANK1   BANK3   BANK2
  2798 ;;      Params:         0       0       0       0       0
  2799 ;;      Locals:         1       0       0       0       0
  2800 ;;      Temps:          2       0       0       0       0
  2801 ;;      Totals:         3       0       0       0       0
  2802 ;;Total ram usage:        3 bytes
  2803 ;; Hardware stack levels used: 1
  2804 ;; This function calls:
  2805 ;;		Nothing
  2806 ;; This function is called by:
  2807 ;;		_lcd_init
  2808 ;;		_lcd_clear
  2809 ;;		_lcd_set_cursor
  2810 ;; This function uses a non-reentrant model
  2811 ;;
  2812                           
  2813     02CD                     _lcd_cmd:	
  2814                           ;psect for function _lcd_cmd
  2815                           
  2816                           
  2817                           ;incstack = 0
  2818                           ; Regs used in _lcd_cmd: [wreg]
  2819                           ;lcd_cmd@cmd stored from wreg
  2820     02CD  00F2               	movwf	lcd_cmd@cmd
  2821     02CE                     l1206:
  2822                           
  2823                           ;POTE.c: 57:     lcd_cmd(0x0C);
  2824     02CE  1283               	bcf	3,5	;RP0=0, select bank0
  2825     02CF  1303               	bcf	3,6	;RP1=0, select bank0
  2826     02D0  1306               	bcf	6,6	;volatile
  2827     02D1                     l1208:
  2828                           
  2829                           ;POTE.c: 58:     lcd_cmd(0x06);
  2830     02D1  0872               	movf	lcd_cmd@cmd,w
  2831     02D2  0088               	movwf	8	;volatile
  2832     02D3                     l1210:
  2833                           
  2834                           ;POTE.c: 59:     lcd_cmd(0x01);
  2835     02D3  1786               	bsf	6,7	;volatile
  2836                           
  2837                           ;POTE.c: 60:     _delay((unsigned long)((2)*(20000000/4000.0)));
  2838     02D4  300D               	movlw	13
  2839     02D5  00F1               	movwf	??_lcd_cmd+1
  2840     02D6  30FB               	movlw	251
  2841     02D7  00F0               	movwf	??_lcd_cmd
  2842     02D8                     u1077:
  2843     02D8  0BF0               	decfsz	??_lcd_cmd,f
  2844     02D9  2AD8               	goto	u1077
  2845     02DA  0BF1               	decfsz	??_lcd_cmd+1,f
  2846     02DB  2AD8               	goto	u1077
  2847     02DC  2ADD               	nop2
  2848     02DD                     l1212:
  2849                           
  2850                           ;POTE.c: 61: }
  2851     02DD  1283               	bcf	3,5	;RP0=0, select bank0
  2852     02DE  1303               	bcf	3,6	;RP1=0, select bank0
  2853     02DF  1386               	bcf	6,7	;volatile
  2854     02E0                     l40:
  2855     02E0  0008               	return
  2856     02E1                     __end_of_lcd_cmd:
  2857                           
  2858                           	psect	text19
  2859     02BB                     __ptext19:	
  2860 ;; *************** function _adc_read_an0 *****************
  2861 ;; Defined at:
  2862 ;;		line 46 in file "POTE.c"
  2863 ;; Parameters:    Size  Location     Type
  2864 ;;		None
  2865 ;; Auto vars:     Size  Location     Type
  2866 ;;		None
  2867 ;; Return value:  Size  Location     Type
  2868 ;;                  2    0[COMMON] unsigned int 
  2869 ;; Registers used:
  2870 ;;		wreg
  2871 ;; Tracked objects:
  2872 ;;		On entry : 0/0
  2873 ;;		On exit  : 0/0
  2874 ;;		Unchanged: 0/0
  2875 ;; Data sizes:     COMMON   BANK0   BANK1   BANK3   BANK2
  2876 ;;      Params:         2       0       0       0       0
  2877 ;;      Locals:         0       0       0       0       0
  2878 ;;      Temps:          1       0       0       0       0
  2879 ;;      Totals:         3       0       0       0       0
  2880 ;;Total ram usage:        3 bytes
  2881 ;; Hardware stack levels used: 1
  2882 ;; This function calls:
  2883 ;;		Nothing
  2884 ;; This function is called by:
  2885 ;;		_main
  2886 ;; This function uses a non-reentrant model
  2887 ;;
  2888                           
  2889     02BB                     _adc_read_an0:	
  2890                           ;psect for function _adc_read_an0
  2891                           
  2892     02BB                     l1236:	
  2893                           ;incstack = 0
  2894                           ; Regs used in _adc_read_an0: [wreg]
  2895                           
  2896                           
  2897                           ;POTE.c: 47:     RB7 = 0;
  2898     02BB  3021               	movlw	33
  2899     02BC  00F2               	movwf	??_adc_read_an0
  2900     02BD                     u1087:
  2901     02BD  0BF2               	decfsz	??_adc_read_an0,f
  2902     02BE  2ABD               	goto	u1087
  2903     02BF                     l1238:
  2904                           
  2905                           ;POTE.c: 48: }
  2906     02BF  1283               	bcf	3,5	;RP0=0, select bank0
  2907     02C0  1303               	bcf	3,6	;RP1=0, select bank0
  2908     02C1  151F               	bsf	31,2	;volatile
  2909     02C2                     l34:	
  2910                           ;POTE.c: 49: 
  2911                           
  2912     02C2  191F               	btfsc	31,2	;volatile
  2913     02C3  2AC5               	goto	u881
  2914     02C4  2AC6               	goto	u880
  2915     02C5                     u881:
  2916     02C5  2AC2               	goto	l34
  2917     02C6                     u880:
  2918     02C6                     l1240:
  2919                           
  2920                           ;POTE.c: 50: void lcd_init(void){
  2921     02C6  081E               	movf	30,w	;volatile
  2922     02C7  00F1               	movwf	?_adc_read_an0+1
  2923     02C8  1683               	bsf	3,5	;RP0=1, select bank1
  2924     02C9  1303               	bcf	3,6	;RP1=0, select bank1
  2925     02CA  081E               	movf	30,w	;volatile
  2926     02CB  00F0               	movwf	?_adc_read_an0
  2927     02CC                     l37:
  2928     02CC  0008               	return
  2929     02CD                     __end_of_adc_read_an0:
  2930                           
  2931                           	psect	text20
  2932     02AC                     __ptext20:	
  2933 ;; *************** function _adc_init *****************
  2934 ;; Defined at:
  2935 ;;		line 38 in file "POTE.c"
  2936 ;; Parameters:    Size  Location     Type
  2937 ;;		None
  2938 ;; Auto vars:     Size  Location     Type
  2939 ;;		None
  2940 ;; Return value:  Size  Location     Type
  2941 ;;                  1    wreg      void 
  2942 ;; Registers used:
  2943 ;;		wreg
  2944 ;; Tracked objects:
  2945 ;;		On entry : 0/0
  2946 ;;		On exit  : 0/0
  2947 ;;		Unchanged: 0/0
  2948 ;; Data sizes:     COMMON   BANK0   BANK1   BANK3   BANK2
  2949 ;;      Params:         0       0       0       0       0
  2950 ;;      Locals:         0       0       0       0       0
  2951 ;;      Temps:          1       0       0       0       0
  2952 ;;      Totals:         1       0       0       0       0
  2953 ;;Total ram usage:        1 bytes
  2954 ;; Hardware stack levels used: 1
  2955 ;; This function calls:
  2956 ;;		Nothing
  2957 ;; This function is called by:
  2958 ;;		_main
  2959 ;; This function uses a non-reentrant model
  2960 ;;
  2961                           
  2962     02AC                     _adc_init:	
  2963                           ;psect for function _adc_init
  2964                           
  2965     02AC                     l1232:	
  2966                           ;incstack = 0
  2967                           ; Regs used in _adc_init: [wreg]
  2968                           
  2969                           
  2970                           ;POTE.c: 39:     RB7 = 0;
  2971     02AC  3001               	movlw	1
  2972     02AD  1683               	bsf	3,5	;RP0=1, select bank1
  2973     02AE  1303               	bcf	3,6	;RP1=0, select bank1
  2974     02AF  0085               	movwf	5	;volatile
  2975                           
  2976                           ;POTE.c: 40: }
  2977     02B0  30CE               	movlw	206
  2978     02B1  009F               	movwf	31	;volatile
  2979                           
  2980                           ;POTE.c: 41: 
  2981     02B2  3081               	movlw	129
  2982     02B3  1283               	bcf	3,5	;RP0=0, select bank0
  2983     02B4  1303               	bcf	3,6	;RP1=0, select bank0
  2984     02B5  009F               	movwf	31	;volatile
  2985     02B6                     l1234:
  2986                           
  2987                           ;POTE.c: 42: void lcd_write(unsigned char data){
  2988     02B6  3021               	movlw	33
  2989     02B7  00F0               	movwf	??_adc_init
  2990     02B8                     u1097:
  2991     02B8  0BF0               	decfsz	??_adc_init,f
  2992     02B9  2AB8               	goto	u1097
  2993     02BA                     l31:
  2994     02BA  0008               	return
  2995     02BB                     __end_of_adc_init:
  2996                           
  2997                           	psect	text21
  2998     045F                     __ptext21:	
  2999 ;; *************** function ___lmul *****************
  3000 ;; Defined at:
  3001 ;;		line 15 in file "C:\Program Files\Microchip\xc8\v3.10\pic\sources\c99\common\Umul32.c"
  3002 ;; Parameters:    Size  Location     Type
  3003 ;;  multiplier      4    0[COMMON] unsigned long 
  3004 ;;  multiplicand    4    4[COMMON] unsigned long 
  3005 ;; Auto vars:     Size  Location     Type
  3006 ;;  product         4    9[COMMON] unsigned long 
  3007 ;; Return value:  Size  Location     Type
  3008 ;;                  4    0[COMMON] unsigned long 
  3009 ;; Registers used:
  3010 ;;		wreg, status,2, status,0
  3011 ;; Tracked objects:
  3012 ;;		On entry : 0/0
  3013 ;;		On exit  : 0/0
  3014 ;;		Unchanged: 0/0
  3015 ;; Data sizes:     COMMON   BANK0   BANK1   BANK3   BANK2
  3016 ;;      Params:         8       0       0       0       0
  3017 ;;      Locals:         4       0       0       0       0
  3018 ;;      Temps:          1       0       0       0       0
  3019 ;;      Totals:        13       0       0       0       0
  3020 ;;Total ram usage:       13 bytes
  3021 ;; Hardware stack levels used: 1
  3022 ;; This function calls:
  3023 ;;		Nothing
  3024 ;; This function is called by:
  3025 ;;		_main
  3026 ;; This function uses a non-reentrant model
  3027 ;;
  3028                           
  3029     045F                     ___lmul:	
  3030                           ;psect for function ___lmul
  3031                           
  3032     045F                     l1292:	
  3033                           ;incstack = 0
  3034                           ; Regs used in ___lmul: [wreg+status,2+status,0]
  3035                           
  3036     045F  3000               	movlw	0
  3037     0460  00FC               	movwf	___lmul@product+3
  3038     0461  3000               	movlw	0
  3039     0462  00FB               	movwf	___lmul@product+2
  3040     0463  3000               	movlw	0
  3041     0464  00FA               	movwf	___lmul@product+1
  3042     0465  3000               	movlw	0
  3043     0466  00F9               	movwf	___lmul@product
  3044     0467                     l1294:
  3045     0467  1C70               	btfss	___lmul@multiplier,0
  3046     0468  2C6A               	goto	u911
  3047     0469  2C6B               	goto	u910
  3048     046A                     u911:
  3049     046A  2C82               	goto	l1298
  3050     046B                     u910:
  3051     046B                     l1296:
  3052     046B  0874               	movf	___lmul@multiplicand,w
  3053     046C  07F9               	addwf	___lmul@product,f
  3054     046D  0875               	movf	___lmul@multiplicand+1,w
  3055     046E  1103               	clrz
  3056     046F  1803               	skipnc
  3057     0470  3E01               	addlw	1
  3058     0471  1903               	skipnz
  3059     0472  2C74               	goto	u921
  3060     0473  07FA               	addwf	___lmul@product+1,f
  3061     0474                     u921:
  3062     0474  0876               	movf	___lmul@multiplicand+2,w
  3063     0475  1103               	clrz
  3064     0476  1803               	skipnc
  3065     0477  3E01               	addlw	1
  3066     0478  1903               	skipnz
  3067     0479  2C7B               	goto	u922
  3068     047A  07FB               	addwf	___lmul@product+2,f
  3069     047B                     u922:
  3070     047B  0877               	movf	___lmul@multiplicand+3,w
  3071     047C  1103               	clrz
  3072     047D  1803               	skipnc
  3073     047E  3E01               	addlw	1
  3074     047F  1903               	skipnz
  3075     0480  2C82               	goto	u923
  3076     0481  07FC               	addwf	___lmul@product+3,f
  3077     0482                     u923:
  3078     0482                     l1298:
  3079     0482  3001               	movlw	1
  3080     0483  00F8               	movwf	??___lmul
  3081     0484                     u935:
  3082     0484  1003               	clrc
  3083     0485  0DF4               	rlf	___lmul@multiplicand,f
  3084     0486  0DF5               	rlf	___lmul@multiplicand+1,f
  3085     0487  0DF6               	rlf	___lmul@multiplicand+2,f
  3086     0488  0DF7               	rlf	___lmul@multiplicand+3,f
  3087     0489  0BF8               	decfsz	??___lmul,f
  3088     048A  2C84               	goto	u935
  3089     048B                     l1300:
  3090     048B  3001               	movlw	1
  3091     048C                     u945:
  3092     048C  1003               	clrc
  3093     048D  0CF3               	rrf	___lmul@multiplier+3,f
  3094     048E  0CF2               	rrf	___lmul@multiplier+2,f
  3095     048F  0CF1               	rrf	___lmul@multiplier+1,f
  3096     0490  0CF0               	rrf	___lmul@multiplier,f
  3097     0491  3EFF               	addlw	-1
  3098     0492  1D03               	skipz
  3099     0493  2C8C               	goto	u945
  3100     0494  0873               	movf	___lmul@multiplier+3,w
  3101     0495  0472               	iorwf	___lmul@multiplier+2,w
  3102     0496  0471               	iorwf	___lmul@multiplier+1,w
  3103     0497  0470               	iorwf	___lmul@multiplier,w
  3104     0498  1D03               	skipz
  3105     0499  2C9B               	goto	u951
  3106     049A  2C9C               	goto	u950
  3107     049B                     u951:
  3108     049B  2C67               	goto	l1294
  3109     049C                     u950:
  3110     049C                     l1302:
  3111     049C  087C               	movf	___lmul@product+3,w
  3112     049D  00F3               	movwf	?___lmul+3
  3113     049E  087B               	movf	___lmul@product+2,w
  3114     049F  00F2               	movwf	?___lmul+2
  3115     04A0  087A               	movf	___lmul@product+1,w
  3116     04A1  00F1               	movwf	?___lmul+1
  3117     04A2  0879               	movf	___lmul@product,w
  3118     04A3  00F0               	movwf	?___lmul
  3119     04A4                     l168:
  3120     04A4  0008               	return
  3121     04A5                     __end_of___lmul:
  3122                           
  3123                           	psect	text22
  3124     054F                     __ptext22:	
  3125 ;; *************** function ___lldiv *****************
  3126 ;; Defined at:
  3127 ;;		line 5 in file "C:\Program Files\Microchip\xc8\v3.10\pic\sources\c99\common\__lldiv.c"
  3128 ;; Parameters:    Size  Location     Type
  3129 ;;  divisor         4    0[BANK0 ] unsigned long 
  3130 ;;  dividend        4    4[BANK0 ] unsigned long 
  3131 ;; Auto vars:     Size  Location     Type
  3132 ;;  quotient        4    8[BANK0 ] unsigned long 
  3133 ;;  counter         1   12[BANK0 ] unsigned char 
  3134 ;; Return value:  Size  Location     Type
  3135 ;;                  4    0[BANK0 ] unsigned long 
  3136 ;; Registers used:
  3137 ;;		wreg, status,2, status,0
  3138 ;; Tracked objects:
  3139 ;;		On entry : 0/0
  3140 ;;		On exit  : 0/0
  3141 ;;		Unchanged: 0/0
  3142 ;; Data sizes:     COMMON   BANK0   BANK1   BANK3   BANK2
  3143 ;;      Params:         0       8       0       0       0
  3144 ;;      Locals:         0       5       0       0       0
  3145 ;;      Temps:          1       0       0       0       0
  3146 ;;      Totals:         1      13       0       0       0
  3147 ;;Total ram usage:       14 bytes
  3148 ;; Hardware stack levels used: 1
  3149 ;; This function calls:
  3150 ;;		Nothing
  3151 ;; This function is called by:
  3152 ;;		_main
  3153 ;; This function uses a non-reentrant model
  3154 ;;
  3155                           
  3156     054F                     ___lldiv:	
  3157                           ;psect for function ___lldiv
  3158                           
  3159     054F                     l1306:	
  3160                           ;incstack = 0
  3161                           ; Regs used in ___lldiv: [wreg+status,2+status,0]
  3162                           
  3163     054F  3000               	movlw	0
  3164     0550  1283               	bcf	3,5	;RP0=0, select bank0
  3165     0551  1303               	bcf	3,6	;RP1=0, select bank0
  3166     0552  00AB               	movwf	___lldiv@quotient+3
  3167     0553  3000               	movlw	0
  3168     0554  00AA               	movwf	___lldiv@quotient+2
  3169     0555  3000               	movlw	0
  3170     0556  00A9               	movwf	___lldiv@quotient+1
  3171     0557  3000               	movlw	0
  3172     0558  00A8               	movwf	___lldiv@quotient
  3173     0559  0823               	movf	___lldiv@divisor+3,w
  3174     055A  0422               	iorwf	___lldiv@divisor+2,w
  3175     055B  0421               	iorwf	___lldiv@divisor+1,w
  3176     055C  0420               	iorwf	___lldiv@divisor,w
  3177     055D  1903               	skipnz
  3178     055E  2D60               	goto	u961
  3179     055F  2D61               	goto	u960
  3180     0560                     u961:
  3181     0560  2DAC               	goto	l1326
  3182     0561                     u960:
  3183     0561                     l1308:
  3184     0561  3001               	movlw	1
  3185     0562  00AC               	movwf	___lldiv@counter
  3186     0563  2D6F               	goto	l1312
  3187     0564                     l1310:
  3188     0564  3001               	movlw	1
  3189     0565  00FD               	movwf	??___lldiv
  3190     0566                     u975:
  3191     0566  1003               	clrc
  3192     0567  0DA0               	rlf	___lldiv@divisor,f
  3193     0568  0DA1               	rlf	___lldiv@divisor+1,f
  3194     0569  0DA2               	rlf	___lldiv@divisor+2,f
  3195     056A  0DA3               	rlf	___lldiv@divisor+3,f
  3196     056B  0BFD               	decfsz	??___lldiv,f
  3197     056C  2D66               	goto	u975
  3198     056D  3001               	movlw	1
  3199     056E  07AC               	addwf	___lldiv@counter,f
  3200     056F                     l1312:
  3201     056F  1FA3               	btfss	___lldiv@divisor+3,7
  3202     0570  2D72               	goto	u981
  3203     0571  2D73               	goto	u980
  3204     0572                     u981:
  3205     0572  2D64               	goto	l1310
  3206     0573                     u980:
  3207     0573                     l1314:
  3208     0573  3001               	movlw	1
  3209     0574  00FD               	movwf	??___lldiv
  3210     0575                     u995:
  3211     0575  1003               	clrc
  3212     0576  0DA8               	rlf	___lldiv@quotient,f
  3213     0577  0DA9               	rlf	___lldiv@quotient+1,f
  3214     0578  0DAA               	rlf	___lldiv@quotient+2,f
  3215     0579  0DAB               	rlf	___lldiv@quotient+3,f
  3216     057A  0BFD               	decfsz	??___lldiv,f
  3217     057B  2D75               	goto	u995
  3218     057C                     l1316:
  3219     057C  0823               	movf	___lldiv@divisor+3,w
  3220     057D  0227               	subwf	___lldiv@dividend+3,w
  3221     057E  1D03               	skipz
  3222     057F  2D8A               	goto	u1005
  3223     0580  0822               	movf	___lldiv@divisor+2,w
  3224     0581  0226               	subwf	___lldiv@dividend+2,w
  3225     0582  1D03               	skipz
  3226     0583  2D8A               	goto	u1005
  3227     0584  0821               	movf	___lldiv@divisor+1,w
  3228     0585  0225               	subwf	___lldiv@dividend+1,w
  3229     0586  1D03               	skipz
  3230     0587  2D8A               	goto	u1005
  3231     0588  0820               	movf	___lldiv@divisor,w
  3232     0589  0224               	subwf	___lldiv@dividend,w
  3233     058A                     u1005:
  3234     058A  1C03               	skipc
  3235     058B  2D8D               	goto	u1001
  3236     058C  2D8E               	goto	u1000
  3237     058D                     u1001:
  3238     058D  2D9D               	goto	l1322
  3239     058E                     u1000:
  3240     058E                     l1318:
  3241     058E  0820               	movf	___lldiv@divisor,w
  3242     058F  02A4               	subwf	___lldiv@dividend,f
  3243     0590  0821               	movf	___lldiv@divisor+1,w
  3244     0591  1C03               	skipc
  3245     0592  0F21               	incfsz	___lldiv@divisor+1,w
  3246     0593  02A5               	subwf	___lldiv@dividend+1,f
  3247     0594  0822               	movf	___lldiv@divisor+2,w
  3248     0595  1C03               	skipc
  3249     0596  0F22               	incfsz	___lldiv@divisor+2,w
  3250     0597  02A6               	subwf	___lldiv@dividend+2,f
  3251     0598  0823               	movf	___lldiv@divisor+3,w
  3252     0599  1C03               	skipc
  3253     059A  0F23               	incfsz	___lldiv@divisor+3,w
  3254     059B  02A7               	subwf	___lldiv@dividend+3,f
  3255     059C                     l1320:
  3256     059C  1428               	bsf	___lldiv@quotient,0
  3257     059D                     l1322:
  3258     059D  3001               	movlw	1
  3259     059E                     u1015:
  3260     059E  1003               	clrc
  3261     059F  0CA3               	rrf	___lldiv@divisor+3,f
  3262     05A0  0CA2               	rrf	___lldiv@divisor+2,f
  3263     05A1  0CA1               	rrf	___lldiv@divisor+1,f
  3264     05A2  0CA0               	rrf	___lldiv@divisor,f
  3265     05A3  3EFF               	addlw	-1
  3266     05A4  1D03               	skipz
  3267     05A5  2D9E               	goto	u1015
  3268     05A6                     l1324:
  3269     05A6  3001               	movlw	1
  3270     05A7  02AC               	subwf	___lldiv@counter,f
  3271     05A8  1D03               	btfss	3,2
  3272     05A9  2DAB               	goto	u1021
  3273     05AA  2DAC               	goto	u1020
  3274     05AB                     u1021:
  3275     05AB  2D73               	goto	l1314
  3276     05AC                     u1020:
  3277     05AC                     l1326:
  3278     05AC  082B               	movf	___lldiv@quotient+3,w
  3279     05AD  00A3               	movwf	?___lldiv+3
  3280     05AE  082A               	movf	___lldiv@quotient+2,w
  3281     05AF  00A2               	movwf	?___lldiv+2
  3282     05B0  0829               	movf	___lldiv@quotient+1,w
  3283     05B1  00A1               	movwf	?___lldiv+1
  3284     05B2  0828               	movf	___lldiv@quotient,w
  3285     05B3  00A0               	movwf	?___lldiv
  3286     05B4                     l190:
  3287     05B4  0008               	return
  3288     05B5                     __end_of___lldiv:
  3289     0002                     ___latbits      equ	2
  3290     007E                     btemp           set	126	;btemp
  3291     007E                     btemp0          set	126
  3292     007F                     btemp1          set	127
  3293     007E                     wtemp0          set	126
  3294     007F                     wtemp0a         set	127
  3295     007F                     ttemp0a         set	127
  3296     0080                     ltemp0a         set	128
  3297                           
  3298                           	psect	config
  3299                           
  3300                           ;Config register CONFIG @ 0x2007
  3301                           ;	Oscillator Selection bits
  3302                           ;	FOSC = XT, XT oscillator
  3303                           ;	Watchdog Timer Enable bit
  3304                           ;	WDTE = OFF, WDT disabled
  3305                           ;	Power-up Timer Enable bit
  3306                           ;	PWRTE = OFF, PWRT disabled
  3307                           ;	Brown-out Reset Enable bit
  3308                           ;	BOREN = ON, BOR enabled
  3309                           ;	Low-Voltage (Single-Supply) In-Circuit Serial Programming Enable bit
  3310                           ;	LVP = OFF, RB3 is digital I/O, HV on MCLR must be used for programming
  3311                           ;	Data EEPROM Memory Code Protection bit
  3312                           ;	CPD = OFF, Data EEPROM code protection off
  3313                           ;	Flash Program Memory Write Enable bits
  3314                           ;	WRT = OFF, Write protection off; all program memory may be written to by EECON control
  3315                           ;	In-Circuit Debugger Mode bit
  3316                           ;	DEBUG = 0x1, unprogrammed default
  3317                           ;	Flash Program Memory Code Protection bit
  3318                           ;	CP = OFF, Code protection off
  3319     2007                     	org	8199
  3320     2007  3F79               	dw	16249

Data Sizes:
    Strings     18
    Constant    0
    Data        0
    BSS         37
    Persistent  0
    Stack       0

Auto Spaces:
    Space          Size  Autos    Used
    COMMON           14     14      14
    BANK0            80     80      80
    BANK1            80      0      37
    BANK3            96      0       0
    BANK2            96      0       0

Pointer List with Targets:

    f$.$buffer	PTR unsigned char  size(2) Largest target is 16
		 -> main@buffer(BANK0[16]), 

    f$.$source	PTR const unsigned char  size(1) Largest target is 0

    fputc@fp	PTR struct _IO_FILE size(2) Largest target is 11
		 -> sprintf@f(BANK0[11]), 

    fputc@fp$.$buffer	PTR unsigned char  size(2) Largest target is 16
		 -> main@buffer(BANK0[16]), 

    fputc@fp$.$source	PTR const unsigned char  size(1) Largest target is 0

    fputs@fp	PTR struct _IO_FILE size(2) Largest target is 11
		 -> sprintf@f(BANK0[11]), 

    fputs@s	PTR const unsigned char  size(1) Largest target is 32
		 -> dbuf(BANK1[32]), 

    lcd_string@str	PTR const unsigned char  size(1) Largest target is 16
		 -> main@buffer(BANK0[16]), 

    pad@buf	PTR unsigned char  size(1) Largest target is 32
		 -> dbuf(BANK1[32]), 

    pad@fp	PTR struct _IO_FILE size(2) Largest target is 11
		 -> sprintf@f(BANK0[11]), 

    read_prec_or_width@ap	PTR PTR void [1] size(1) Largest target is 1
		 -> sprintf@ap(BANK0[1]), 

    read_prec_or_width@fmt	PTR PTR const unsigned char  size(1) Largest target is 1
		 -> vfprintf@cfmt(BANK0[1]), 

    S518$buffer	PTR unsigned char  size(2) Largest target is 16
		 -> main@buffer(BANK0[16]), 

    S518$source	PTR const unsigned char  size(1) Largest target is 0

    sprintf@ap	PTR void [1] size(1) Largest target is 2
		 -> ?_sprintf(BANK0[2]), 

    sprintf@fmt	PTR const unsigned char  size(1) Largest target is 9
		 -> STR_1(CODE[9]), STR_2(CODE[9]), 

    sprintf@s	PTR unsigned char  size(1) Largest target is 16
		 -> main@buffer(BANK0[16]), 

    utoa@fp	PTR struct _IO_FILE size(2) Largest target is 11
		 -> sprintf@f(BANK0[11]), 

    vfpfcnvrt@ap	PTR PTR void  size(1) Largest target is 1
		 -> sprintf@ap(BANK0[1]), 

    vfpfcnvrt@cp	PTR unsigned char  size(1) Largest target is 9
		 -> STR_1(CODE[9]), STR_2(CODE[9]), 

    vfpfcnvrt@fmt	PTR PTR unsigned char  size(1) Largest target is 1
		 -> vfprintf@cfmt(BANK0[1]), 

    vfpfcnvrt@fp	PTR struct _IO_FILE size(2) Largest target is 11
		 -> sprintf@f(BANK0[11]), 

    vfprintf@ap	PTR PTR void  size(1) Largest target is 1
		 -> sprintf@ap(BANK0[1]), 

    vfprintf@cfmt	PTR unsigned char  size(1) Largest target is 9
		 -> STR_1(CODE[9]), STR_2(CODE[9]), 

    vfprintf@fmt	PTR const unsigned char  size(1) Largest target is 9
		 -> STR_1(CODE[9]), STR_2(CODE[9]), 

    vfprintf@fp	PTR struct _IO_FILE size(2) Largest target is 11
		 -> sprintf@f(BANK0[11]), 


Critical Paths under _main in COMMON

    _main->___lldiv
    _utoa->_pad
    _pad->_fputc
    _fputs->_fputc
    _read_prec_or_width->___wmul
    _lcd_string->_lcd_write
    _lcd_set_cursor->_lcd_cmd
    _lcd_init->_lcd_cmd
    _lcd_clear->_lcd_cmd
    ___lldiv->___lmul

Critical Paths under _main in BANK0

    _main->_sprintf
    _sprintf->_vfprintf
    _vfprintf->_vfpfcnvrt
    _vfpfcnvrt->_utoa
    _utoa->_pad
    _pad->_fputs

Critical Paths under _main in BANK1

    None.

Critical Paths under _main in BANK3

    None.

Critical Paths under _main in BANK2

    None.

Call Graph Tables:

 ---------------------------------------------------------------------------------
 (Depth) Function   	        Calls       Base Space   Used Autos Params    Refs
 ---------------------------------------------------------------------------------
 (0) _main                                                23    23      0    3160
                                             57 BANK0     23    23      0
                            ___lldiv
                             ___lmul
                           _adc_init
                       _adc_read_an0
                          _lcd_clear
                           _lcd_init
                     _lcd_set_cursor
                         _lcd_string
                            _sprintf
 ---------------------------------------------------------------------------------
 (1) _sprintf                                             19    15      4    2502
                                             40 BANK0     17    13      4
                           _vfprintf
 ---------------------------------------------------------------------------------
 (2) _vfprintf                                             5     1      4    2297
                                             35 BANK0      5     1      4
                          _vfpfcnvrt
 ---------------------------------------------------------------------------------
 (3) _vfpfcnvrt                                           13     9      4    2166
                                             24 BANK0     11     7      4
                              _fputc
                 _read_prec_or_width
                               _utoa
 ---------------------------------------------------------------------------------
 (4) _utoa                                                 9     5      4    1301
                                             15 BANK0      9     5      4
                            ___lwdiv
                            ___lwmod
                                _pad
 ---------------------------------------------------------------------------------
 (5) _pad                                                  8     3      5     747
                                             13 COMMON     1     1      0
                                              8 BANK0      7     2      5
                              _fputc
                              _fputs
 ---------------------------------------------------------------------------------
 (6) _fputs                                                8     5      3     333
                                              0 BANK0      8     5      3
                              _fputc
 ---------------------------------------------------------------------------------
 (7) _fputc                                               13     9      4     232
                                              0 COMMON    13     9      4
                              _putch
 ---------------------------------------------------------------------------------
 (8) _putch                                                1     1      0       0
 ---------------------------------------------------------------------------------
 (5) ___lwmod                                              5     1      4     161
                                              0 COMMON     5     1      4
 ---------------------------------------------------------------------------------
 (5) ___lwdiv                                              7     3      4     164
                                              0 COMMON     7     3      4
 ---------------------------------------------------------------------------------
 (4) _read_prec_or_width                                   6     4      2     276
                                              6 COMMON     6     4      2
                             ___wmul
 ---------------------------------------------------------------------------------
 (5) ___wmul                                               6     2      4      94
                                              0 COMMON     6     2      4
 ---------------------------------------------------------------------------------
 (1) _lcd_string                                           1     0      1      76
                                              3 COMMON     1     0      1
                          _lcd_write
 ---------------------------------------------------------------------------------
 (2) _lcd_write                                            3     3      0      29
                                              0 COMMON     3     3      0
 ---------------------------------------------------------------------------------
 (1) _lcd_set_cursor                                       2     1      1     104
                                              3 COMMON     2     1      1
                            _lcd_cmd
 ---------------------------------------------------------------------------------
 (1) _lcd_init                                             2     2      0      29
                                              3 COMMON     2     2      0
                            _lcd_cmd
 ---------------------------------------------------------------------------------
 (1) _lcd_clear                                            0     0      0      29
                            _lcd_cmd
 ---------------------------------------------------------------------------------
 (2) _lcd_cmd                                              3     3      0      29
                                              0 COMMON     3     3      0
 ---------------------------------------------------------------------------------
 (1) _adc_read_an0                                         3     1      2       0
                                              0 COMMON     3     1      2
 ---------------------------------------------------------------------------------
 (1) _adc_init                                             1     1      0       0
                                              0 COMMON     1     1      0
 ---------------------------------------------------------------------------------
 (1) ___lmul                                              13     5      8      94
                                              0 COMMON    13     5      8
 ---------------------------------------------------------------------------------
 (1) ___lldiv                                             14     6      8     164
                                             13 COMMON     1     1      0
                                              0 BANK0     13     5      8
                             ___lmul (ARG)
 ---------------------------------------------------------------------------------
 Estimated maximum stack depth 8
 ---------------------------------------------------------------------------------

 Call Graph Graphs:

 _main (ROOT)
   ___lldiv
     ___lmul (ARG)
   ___lmul
   _adc_init
   _adc_read_an0
   _lcd_clear
     _lcd_cmd
   _lcd_init
     _lcd_cmd
   _lcd_set_cursor
     _lcd_cmd
   _lcd_string
     _lcd_write
   _sprintf
     _vfprintf
       _vfpfcnvrt
         _fputc
           _putch
         _read_prec_or_width
           ___wmul
         _utoa
           ___lwdiv
           ___lwmod
           _pad
             _fputc
             _fputs
               _fputc

Address spaces:
Name               Size   Autos  Total    Usage
BITCOMMON           14      0       0      0.0%
BITBANK0            80      0       0      0.0%
BITBANK1            80      0       0      0.0%
BITBANK3            96      0       0      0.0%
BITBANK2            96      0       0      0.0%
COMMON              14     14      14    100.0%
BANK0               80     80      80    100.0%
BANK1               80      0      37     46.2%
BANK3               96      0       0      0.0%
BANK2               96      0       0      0.0%
STACK                0      0       0      0.0%
DATA                 0      0     131      0.0%


Microchip Technology PIC Macro Assembler V3.10 build 20250813170317 
Symbol Table                                                                                   Tue Nov 25 21:37:17 2025

                         pc 0002                          l31 02BA                          l40 02E0  
                        l34 02C2                          l43 02F4                          l60 0308  
                        l37 02CC                          l46 03E4                          l54 031E  
                        l49 02A3                          fsr 0004         ___wmul@multiplicand 0072  
                       l154 0371                         l156 0389                         l190 05B4  
                       l168 04A4                         l434 045E                         l444 041C  
                       l640 054E                         l617 0364                         l635 0513  
                       l638 053B                         l656 04F7                         l648 0625  
                       l673 0341                         l666 07F2                         l685 0757  
                       l693 03B4                         l696 029C                         _RB6 0036  
                       _RB7 0037                         u520 06C4                         u521 06C3  
                       u610 0385                         u530 06CA                         u611 0384  
                       u531 06C9                         u620 0425                         u540 06E9  
                       u605 0379                         u621 0424                         u541 06E8  
                       u710 03FB                         u550 071B                         u711 03FA  
                       u551 071A                         u640 0435                         u720 0405  
                       u560 073C                         u800 0610                         u641 0434  
                       u721 0404                         u705 03EF                         u801 060F  
                       u570 03B4                         u810 0615                         u635 0429  
                       u555 0717                         u571 03B3                         u811 0614  
                       u900 0308                         u580 036B                         u820 04B6  
                       u660 0446                         u740 0418                         u901 0307  
                       u581 036A                         u821 04B5                         u661 0445  
                       u741 0417                         u725 0401                         u910 046B  
                       u830 04F3                         u750 04FE                         u911 046A  
                       u831 04F2                         u655 0436                         u735 040C  
                       u751 04FD                         u680 045A                         u760 0511  
                       u840 0769                         u921 0474                         u681 0459  
                       u665 0442                         u761 0510                         u841 0768  
                       u922 047B                         u690 03EB                         u770 053B  
                       u850 078C                         u923 0482                         u595 0372  
                       u675 044E                         u691 03EA                         u771 053A  
                       u851 078B                         u780 0541                         u860 07A5  
                       u781 0540                         u861 07A4                         u950 049C  
                       u790 060A                         u870 033F                         u951 049B  
                       u935 0484                         u775 0537                         u791 0609  
                       u871 033E                         u960 0561                         u880 02C6  
                       u961 0560                         u945 048C                         u881 02C5  
                       u890 030F                         u891 030E                         u980 0573  
                       u981 0572                         u975 0566                         u995 0575  
                       _pad 04F8                         fsr0 0004                         indf 0000  
           ?_lcd_set_cursor 0073                        l1100 040B                        l1102 0412  
                      l1030 06D1                        l1110 04FE                        l1104 0418  
                      l1032 06E9                        l1024 06BE                        l1040 038F  
                      l1120 052D                        l1112 050B                        l1200 07D9  
                      l1210 02D3                        l1050 036B                        l1034 071B  
                      l1026 06C4                        l1042 039F                        l1122 0541  
                      l1114 0511                        l1130 05CD                        l1300 048B  
                      l1212 02DD                        l1220 02F1                        l1052 0378  
                      l1060 041D                        l1028 06CA                        l1044 03A7  
                      l1116 0516                        l1108 04F8                        l1132 05D3  
                      l1140 0603                        l1124 05B5                        l1310 0564  
                      l1302 049C                        l1206 02CE                        l1214 02E2  
                      l1054 037F                        l1046 0365                        l1150 04A5  
                      l1070 0431                        l1062 041F                        l1038 038A  
                      l1118 0525                        l1142 060A                        l1134 05E7  
                      l1126 05B9                        l1222 031F                        l1320 059C  
                      l1312 056F                        l1232 02AC                        l1240 02C6  
                      l1208 02D1                        l1216 02E5                        l1056 0385  
                      l1048 0367                        l1160 04E2                        l1152 04A7  
                      l1080 0454                        l1072 0435                        l1064 0425  
                      l1144 0610                        l1136 05EA                        l1128 05C9  
                      l1224 0324                        l1322 059D                        l1314 0573  
                      l1306 054F                        l1234 02B6                        l1250 03BA  
                      l1218 02E7                        l1162 04F3                        l1154 04B6  
                      l1074 0446                        l1066 0428                        l1082 045A  
                      l1090 03EE                        l1146 0615                        l1138 05F0  
                      l1170 076D                        l1226 0331                        l1330 0626  
                      l1324 05A6                        l1316 057C                        l1308 0561  
                      l1236 02BB                        l1260 03DB                        l1252 03C3  
                      l1244 03B5                        l1156 04C8                        l1076 044C  
                      l1068 042F                        l1092 03F5                        l1180 078D  
                      l1172 0773                        l1228 033F                        l1340 0687  
                      l1332 0635                        l1318 058E                        l1326 05AC  
                      l1238 02BF                        l1262 029D                        l1254 03C9  
                      l1246 03B8                        l1270 02F5                        l1158 04DD  
                      l1078 044D                        l1094 03F7                        l1086 03E5  
                      l1182 0792                        l1174 0777                        l1166 0758  
                      l1342 068E                        l1334 0640                        l1256 03CF  
                      l1248 03B9                        l1264 030A                        l1272 02F6  
                      l1096 03FB                        l1088 03EB                        l1184 0799  
                      l1176 0788                        l1168 0769                        l1280 0346  
                      l1344 0696                        l1336 0670                        l1258 03D5  
                      l1266 030F                        l1274 02FE                        l1098 0405  
                      l1194 07C6                        l1186 07A5                        l1178 078C  
                      l1282 034A                        l1346 06A5                        l1338 0678  
                      l1292 045F                        l1268 0317                        l1276 0300  
                      l1188 07B8                        l1196 07D1                        l1284 034C  
                      l1348 06AC                        l1294 0467                        l1286 034E  
                      l1278 0342                        l1296 046B                        l1288 035B  
                      l1298 0482                        ?_pad 0028                        STR_1 0012  
                      STR_2 0009                        u1000 058E                        u1001 058D  
                      u1020 05AC                        u1021 05AB                        u1005 058A  
                      u1015 059E                        u1037 06B4                        u1047 02EC  
                      u1057 03BE                        u1067 03DF                        u1077 02D8  
                      u1087 02BD                        u1097 02B8                        _dbuf 00A5  
                      _main 0626                        _prec 00A2                        pad@i 002D  
                      pad@p 002B                        btemp 007E                        _utoa 05B5  
                      start 0000                       ??_pad 007D                       ?_main 0070  
           __end_of___lldiv 05B5                       ?_utoa 002F             __end_of___lwdiv 045F  
           __end_of___lwmod 041D                vfpfcnvrt@fmt 003A                       _PORTD 0008  
                     _TRISA 0085                       _TRISD 0088         ___lmul@multiplicand 0074  
              _adc_read_an0 02BB             __end_of_lcd_cmd 02E1                       _flags 00A4  
       read_prec_or_width@c 0079         read_prec_or_width@n 007A                       _fputc 06BE  
                     _fputs 038A                       btemp0 007E                       pad@fp 0028  
                     btemp1 007F                       _width 00A0                       _putch 029C  
                     pclath 000A                       utoa@d 0031                       utoa@i 0036  
                     utoa@p 0035                       utoa@w 0033                       status 0003  
                     wtemp0 007E             __end_of_sprintf 0365             __initialization 07F3  
              __end_of_main 06BE                __end_of_utoa 0626                      ??_main 0059  
                    ??_utoa 007E  __end_of_read_prec_or_width 04F8                      _ADCON0 001F  
                    _ADCON1 009F                      ?_fputc 0070                      ?_fputs 0020  
                    _ADRESH 001E                      _ADRESL 009E                      ?_putch 0070  
          __end_of_adc_init 02BB                      _TRISB6 0436                      _TRISB7 0437  
              vfprintf@cfmt 0047            __end_of_lcd_init 03E5                      ___lmul 045F  
                    ___wmul 0365                   ??___lldiv 007D                   ??___lwdiv 0074  
                 ??___lwmod 0074        read_prec_or_width@ap 0077                      pad@buf 002A  
                 ??_lcd_cmd 0070                      main@mv 006C                      fputc@c 0070  
                    fputs@c 0025                      fputs@i 0026                      fputs@s 0020  
                    ltemp0a 0080                      putch@c 0070                      ttemp0a 007F  
          __end_of_vfprintf 0342                      utoa@fp 002F                   ??_sprintf 004C  
                    wtemp0a 007F               lcd_string@str 0073     __end_of__initialization 07FC  
             lcd_write@data 0072              __pcstackCOMMON 0070               __end_of_fputc 0758  
             __end_of_fputs 03B5               __end_of_putch 029D            ??_lcd_set_cursor 0074  
                   ??_fputc 0074                     ??_fputs 0023                     ??_putch 0070  
                __pbssBANK1 00A0                  __pmaintext 0626                     ?___lmul 0070  
                   ?___wmul 0070              ___lmul@product 0079                   ?_adc_init 0070  
                _lcd_string 02F5                   ?_lcd_init 0070                  __stringtab 0003  
         __end_of_lcd_clear 02A4           __end_of_lcd_write 02F5                     ___lldiv 054F  
                   ___lwdiv 041D                     ___lwmod 03E5                   ?_vfprintf 0043  
                ??_adc_init 0070                     __ptext1 0342                     __ptext2 031F  
                   __ptext3 0758                     __ptext4 05B5                     __ptext5 04F8  
                   __ptext6 038A                     __ptext7 06BE                     __ptext8 029C  
                   __ptext9 03E5                     _lcd_cmd 02CD       read_prec_or_width@fmt 0076  
                   _sprintf 0342                     main@raw 006E                     clrloop0 02A5  
                ??_lcd_init 0073        end_of_initialization 07FC                     fputc@fp 0072  
                   fputs@fp 0021          _read_prec_or_width 04A5             ___lldiv@divisor 0020  
           ___lldiv@counter 002C           __end_of_vfpfcnvrt 07F3         ?_read_prec_or_width 0076  
          vfpfcnvrt@convarg 003E                  ??_vfprintf 007E                  lcd_cmd@cmd 0072  
      ??_read_prec_or_width 0078                 ?_lcd_string 0073                  main@buffer 005C  
            __end_of___lmul 04A5                 vfpfcnvrt@ap 003B                 vfpfcnvrt@cp 0042  
               vfpfcnvrt@fp 0038              __end_of___wmul 038A         start_initialization 07F3  
               __end_of_pad 054F                 vfprintf@fmt 0045                    ??___lmul 0078  
                  ??___wmul 0074                   ___latbits 0002               ?_adc_read_an0 0070  
             __pcstackBANK0 0020            ___lwdiv@dividend 0072                    ?___lldiv 0020  
                  ?___lwdiv 0070                    ?___lwmod 0070                   _lcd_clear 029D  
                 __pstrings 0003                    ?_lcd_cmd 0070                   _lcd_write 02E1  
            ??_adc_read_an0 0072            ___lwdiv@quotient 0074                    ?_sprintf 0048  
            ___wmul@product 0074                   clear_ram0 02A4                    _GO_nDONE 00FA  
                ?_lcd_clear 0070                   _vfpfcnvrt 0758                 __stringbase 0008  
                ?_lcd_write 0070           ___wmul@multiplier 0070                ??_lcd_string 0074  
         ___lmul@multiplier 0070                  vfprintf@ap 0046                  vfprintf@fp 0043  
                ?_vfpfcnvrt 0038          __end_of_lcd_string 0309          __end_of__stringtab 0009  
                  _adc_init 02AC                  sprintf@fmt 0049             ___lwdiv@divisor 0070  
           ___lwdiv@counter 0076                    __ptext10 041D                    __ptext11 04A5  
                  __ptext20 02AC                    __ptext12 0365                    __ptext21 045F  
                  __ptext13 02F5                    __ptext22 054F                    __ptext14 02E1  
                  __ptext15 0309                    __ptext16 03B5                    __ptext17 029D  
                  __ptext18 02CD                    __ptext19 02BB                    _lcd_init 03B5  
      __end_of_adc_read_an0 02CD                    _vfprintf 031F                 ??_lcd_clear 0073  
               ??_lcd_write 0070              _lcd_set_cursor 0309           lcd_set_cursor@col 0073  
                 sprintf@ap 004D           lcd_set_cursor@row 0074            ___lwmod@dividend 0072  
          ___lldiv@dividend 0024                   stringcode 0003                 ??_vfpfcnvrt 003C  
                  sprintf@f 004E                    sprintf@s 0048            ___lldiv@quotient 0028  
           ___lwmod@divisor 0070             ___lwmod@counter 0074                    stringdir 0003  
                  stringtab 0003      __end_of_lcd_set_cursor 031F  
